-- phpMyAdmin SQL Dump
-- version 4.2.7.1
-- http://www.phpmyadmin.net
--
-- Servidor: 127.0.0.1
-- Tiempo de generación: 20-11-2016 a las 14:27:01
-- Versión del servidor: 5.6.20
-- Versión de PHP: 5.5.15

SET SQL_MODE = "NO_AUTO_VALUE_ON_ZERO";
SET time_zone = "+00:00";


/*!40101 SET @OLD_CHARACTER_SET_CLIENT=@@CHARACTER_SET_CLIENT */;
/*!40101 SET @OLD_CHARACTER_SET_RESULTS=@@CHARACTER_SET_RESULTS */;
/*!40101 SET @OLD_COLLATION_CONNECTION=@@COLLATION_CONNECTION */;
/*!40101 SET NAMES utf8 */;

--
-- Base de datos: `auditorias`
--

-- --------------------------------------------------------

--
-- Estructura de tabla para la tabla `atributossubnormas`
--

CREATE TABLE IF NOT EXISTS `atributossubnormas` (
`id` int(11) NOT NULL,
  `subnorma_id` int(11) NOT NULL,
  `descripcion` varchar(500) NOT NULL,
  `tipo` varchar(255) NOT NULL,
  `created` date NOT NULL,
  `modified` date NOT NULL
) ENGINE=InnoDB DEFAULT CHARSET=utf32 AUTO_INCREMENT=1 ;

-- --------------------------------------------------------

--
-- Estructura de tabla para la tabla `auditorias`
--

CREATE TABLE IF NOT EXISTS `auditorias` (
`id` int(11) NOT NULL,
  `usuario_id` int(11) NOT NULL,
  `empresa_id` int(11) NOT NULL,
  `cant_auditores` int(11) NOT NULL,
  `observaciones` varchar(1000) NOT NULL,
  `created` date NOT NULL,
  `modified` date NOT NULL,
  `alcances` varchar(2500) NOT NULL,
  `criterios` varchar(2500) NOT NULL,
  `objetivos` varchar(2500) NOT NULL,
  `riesgo` varchar(2500) NOT NULL,
  `metodo` varchar(50) NOT NULL,
  `tipo_auditoria` varchar(50) NOT NULL,
  `fecha` date NOT NULL,
  `fechafin` date NOT NULL
) ENGINE=InnoDB  DEFAULT CHARSET=utf32 AUTO_INCREMENT=5 ;

--
-- Volcado de datos para la tabla `auditorias`
--

INSERT INTO `auditorias` (`id`, `usuario_id`, `empresa_id`, `cant_auditores`, `observaciones`, `created`, `modified`, `alcances`, `criterios`, `objetivos`, `riesgo`, `metodo`, `tipo_auditoria`, `fecha`, `fechafin`) VALUES
(1, 1, 1, 1, 'DASDSDSSDAADADAD', '2016-11-08', '2016-11-08', 'ASDAS', 'SDASD', 'DASD', 'ASDA', 'Externa', '', '2016-11-08', '2016-11-10'),
(2, 1, 1, 2, '', '2016-11-10', '2016-11-10', 'dasd', 'sadasd', 'dasdas', 'sdasd', 'MÃ‰TODO INDUCTIVO', 'Interna', '2016-11-10', '2016-11-10'),
(3, 1, 1, 2, 'dasdasdsad', '2016-11-10', '2016-11-10', 'asfasfda', 'asdasd', 'sdasdasdas', 'dasdsad', 'MÃ‰TODO DEDUCTIVO\r\n', 'Interna', '2016-11-10', '2016-11-10'),
(4, 1, 2, 1, 'Pero cómo se verían las páginas? Podrías necesitar definir una vista para cada una de\r\nestas acciones - revisa como hacerlo en el próximo capítulo, pero: las siguientes\r\nsecciones te mostrarán como dominar el poder de un controlador Cake. Específicamente\r\nvas a aprender como hacer que tu controlador le pase datos a la vista, redireccionar al\r\nusuario, y mucho más.\r\n', '2016-11-13', '2016-11-14', 'Pero cómo se verían las páginas? Podrías necesitar definir una vista para cada una de\r\nestas acciones - revisa como hacerlo en el próximo capítulo, pero: las siguientes\r\nsecciones te mostrarán como dominar el poder de un controlador Cake. Específicamente\r\nvas a aprender como hacer que tu controlador le pase datos a la vista, redireccionar al\r\nusuario, y mucho más.\r\n', 'Pero cómo se verían las páginas? Podrías necesitar definir una vista para cada una de\r\nestas acciones - revisa como hacerlo en el próximo capítulo, pero: las siguientes\r\nsecciones te mostrarán como dominar el poder de un controlador Cake. Específicamente\r\nvas a aprender como hacer que tu controlador le pase datos a la vista, redireccionar al\r\nusuario, y mucho más.\r\n', 'Pero cómo se verían las páginas? Podrías necesitar definir una vista para cada una de\r\nestas acciones - revisa como hacerlo en el próximo capítulo, pero: las siguientes\r\nsecciones te mostrarán como dominar el poder de un controlador Cake. Específicamente\r\nvas a aprender como hacer que tu controlador le pase datos a la vista, redireccionar al\r\nusuario, y mucho más.\r\n', 'Pero cómo se verían las páginas? Podrías necesitar definir una vista para cada una de\r\nestas acciones - revisa como hacerlo en el próximo capítulo, pero: las siguientes\r\nsecciones te mostrarán como dominar el poder de un controlador Cake. Específicamente\r\nvas a aprender como hacer que tu controlador le pase datos a la vista, redireccionar al\r\nusuario, y mucho más.\r\n', 'MÉTODO DEDUCTIVO\r\n', 'Interna', '2016-11-13', '2016-11-16');

-- --------------------------------------------------------

--
-- Estructura de tabla para la tabla `auditorias_normagenerals`
--

CREATE TABLE IF NOT EXISTS `auditorias_normagenerals` (
`id` int(11) NOT NULL,
  `auditoria_id` int(11) NOT NULL,
  `normageneral_id` int(11) NOT NULL,
  `created` date NOT NULL,
  `modified` date NOT NULL
) ENGINE=InnoDB  DEFAULT CHARSET=utf32 AUTO_INCREMENT=9 ;

--
-- Volcado de datos para la tabla `auditorias_normagenerals`
--

INSERT INTO `auditorias_normagenerals` (`id`, `auditoria_id`, `normageneral_id`, `created`, `modified`) VALUES
(1, 1, 2, '2016-11-08', '2016-11-08'),
(2, 1, 7, '2016-11-08', '2016-11-08'),
(3, 2, 3, '2016-11-10', '2016-11-10'),
(4, 2, 7, '2016-11-10', '2016-11-10'),
(5, 3, 2, '2016-11-10', '2016-11-10'),
(6, 3, 7, '2016-11-10', '2016-11-10'),
(7, 4, 1, '2016-11-13', '2016-11-13'),
(8, 4, 7, '2016-11-13', '2016-11-13');

-- --------------------------------------------------------

--
-- Estructura de tabla para la tabla `auditors`
--

CREATE TABLE IF NOT EXISTS `auditors` (
`id` int(11) NOT NULL,
  `nombres` varchar(255) NOT NULL,
  `apellidos` varchar(255) NOT NULL,
  `correo` varchar(255) NOT NULL,
  `telefono` int(11) NOT NULL,
  `identificacion` int(11) NOT NULL,
  `usuario` varchar(255) NOT NULL,
  `clave` varchar(255) NOT NULL,
  `created` date NOT NULL,
  `modified` date NOT NULL
) ENGINE=InnoDB DEFAULT CHARSET=utf32 AUTO_INCREMENT=1 ;

-- --------------------------------------------------------

--
-- Estructura de tabla para la tabla `debes`
--

CREATE TABLE IF NOT EXISTS `debes` (
`id` int(11) NOT NULL,
  `subnormaindice_id` int(11) NOT NULL,
  `numeral` varchar(10) NOT NULL,
  `descripcion` varchar(500) NOT NULL
) ENGINE=InnoDB  DEFAULT CHARSET=utf8 AUTO_INCREMENT=1115 ;

--
-- Volcado de datos para la tabla `debes`
--

INSERT INTO `debes` (`id`, `subnormaindice_id`, `numeral`, `descripcion`) VALUES
(1, 34, '4.2.2', 'debe ser coherente con los objetivos y los procesos definidos en el proyecto  educativo institucional (PEI) o su equivalente en instituciones de formaci?n para el trabajo.'),
(2, 34, '4.2.2', 'debe establecer y mantener un manual de la calidad que incluya el alcance de su sistema de gesti?n de la calidad y las interacciones entre sus procesos directivos, acad?micos, administrativos y financieros y de gesti?n de la comunidad.'),
(3, 34, '4.2.2', 'debe establecer  los procedimientos documentados establecidos para el sistema de gesti?n de la calidad, o referencia a los mismos;'),
(4, 34, '4.2.2', 'debe establecer  una descripci?n de la interacci?n entre los procesos del sistema de gesti?n de la calidad'),
(5, 34, '4.2.2', 'debe establecer la responsabilidad, la autoridad y las interrelaciones de los procesos;'),
(6, 34, '4.2.2', ' deben considerar o hacer referencia a los requisitos,  establecidos por la norma NTC-ISO 9001:2000 y a las disposiciones legales o reglamentarias.'),
(7, 35, '4.2.3', ' debe establecer un procedimiento de gesti?n documental que describa:'),
(8, 35, '4.2.3', ' aprobar los documentos en cuanto a su adecuaci?n antes de su emisi'),
(9, 35, '4.2.3', 'debe  revisar y actualizar los documentos cuando sea necesario y aprobarlos nuevamente,'),
(10, 35, '4.2.3', 'debe  asegurarse de que se identifican los cambios y el estado de revisi?n actual de los documentos'),
(11, 35, '4.2.3', 'debe asegurarse  de  que  las  versiones  pertinentes  de  los  documentos  aplicables  se encuentran disponibles en los puntos de uso,'),
(12, 35, '4.2.3', 'debe asegurarse de que los documentos permanecen legibles y f?cilmente identificables,'),
(13, 35, '4.2.3', 'debe asegurarse de que se identifican los documentos de origen externo y se controla su distribuci'),
(14, 35, '4.2.3', 'debe prevenir el uso no intencionado de documentos obsoletos, y aplicarles una identificaci?n adecuada en el caso de que se mantengan por cualquier raz'),
(15, 36, '4.2.4', 'Debe establecerse un procedimiento documentado para definir los controles necesarios para la identificaci?n, el almacenamiento, la protecci?n, la recuperaci?n, el tiempo de retenci?n y la disposici?n de los registros acorde con la legislaci?n o reglamentaci'),
(16, 36, '4.2.4', ' deben mantener los registros de los estudiantes y los registros educativos, dentro de las directrices definidas por las autoridades educativas o la alta direcci?n para proteger su confidencialidad'),
(17, 36, '4.2.4', 'deben ser parte de un sistema de gesti?n de la calidad de un establecimiento educativo: acta o documento con el direccionamiento estrat?gico'),
(18, 36, '4.2.4', 'debe ser parte de  reporte de resultados de las evaluaciones internas y externas, tanto institucionales como de  estudiantes, de docentes y personal administrativo y de servicios, y otras evaluaciones pertinentes;'),
(19, 36, '4.2.4', 'debe ser parte de  registros  de  matr?cula,  deserci?n, repetici?n, casos  de  dificultades de  aprendizaje, evidencias de estudios cursados (certificados, bolet?n de calificaciones, diploma, actas de grado, entre otros)'),
(20, 36, '4.2.4', 'debe ser parte  de reporte o lista de chequeo del desarrollo de procesos, procedimientos o actividades claves  para el establecimiento educativo. Por ejemplo, programas y evaluaciones de impacto;'),
(21, 36, '4.2.4', 'debe ser parte de  registros de las actividades de la alta direcci?n, por ejemplo proyectos e iniciativas;'),
(22, 36, '4.2.4', 'debe se parte de  reporte p?rdidas, da?os o uso inadecuado de la documentaci?n proporcionada por los educandos;'),
(23, 36, '4.2.4', 'debe ser parte de  registro de quejas y reclamos'),
(24, 36, '4.2.4', 'debe ser parte de gistros sobre derechos de autor o permiso para uso de la informaci'),
(25, 36, '4.2.4', 'debe ser parte de actas de reuniones de revisi?n del sistema de gesti?n de la calidad por parte de la instancia definida para la direcci?n de dicho sistema'),
(26, 36, '4.2.4', 'debe ser parte de  registro de actividades de formaci?n o complementaci?n de los estudiantes, tales como pasant?as o pr?cticas empresariales'),
(27, 36, '4.2.4', 'debe ser parte de  registros de las evaluaciones de satisfacci?n con clientes y empresa'),
(28, 36, '4.2.4', 'debe ser parte de  registros  de  seguimiento  de  egresados  sobre  su  inserci?n  laboral  o  continuidad educativa'),
(29, 36, '4.2.4', 'debe se partede registros de certificaciones de competencia laboral recibida por los egresados de la formaci'),
(30, 37, '5.1', 'debe  establecer, definir y divulgar la pol?tica de la calidad de la formaci?n, coherente con las expectativas   y  necesidades  del  entorno  productivo,  econ?mico  y  social  y  los beneficiarios  del  servicio  de  formaci?n  para  el  trabajo,  con  el  direccionamiento estrat?gico expresado en el proyecto educativo institucional (PEI) o su equivalente y el marco  legal vigente, para el desarrollo del sistema de gesti?n de la calidad en la instituci'),
(31, 37, '5.1', 'debe  establecer objetivos medibles que permitan el cumplimiento de la pol?tica de la calidad de la formaci?n en la instituci'),
(32, 37, '5.1', 'debe asegurar que los recursos necesarios para la implementaci?n y el logro de los objetivos del  sistema  de  gesti?n  de  la  calidad  de  la  instituci?n sean  accesibles, seg?n  las condiciones adecuadas definida'),
(33, 37, '5.1', 'debe  comunicar a toda la instituci?n oferente de formaci?n para el trabajo, a trav?s de sus estrategias y mecanismos de comunicaci?n y participaci?n, la importancia de cumplir con los requisitos de la calidad de los beneficiarios, as? como con los requisitos legales y   reglamentarios   para  la  prestaci?n  del  servicio  de  formaci?n  para  el  trabajo proporcionado'),
(34, 37, '5.1', 'debe  revisar peri?dicamente el estado del sistema de gesti?n de la calidad de la instituci?n, a partir de  los indicadores, los resultados de las evaluaciones institucionales y de las auditor?as de la calidad, el estado de las acciones correctivas y preventivas, entre otras'),
(35, 38, '5.2', 'debe identificar los clientes (estudiantes  y  sector  productivo) y  las  partes  interesadas en  su  ?rea  de  influencia para determinar sus necesidades y expectativas y asegurarse de su cumplimiento.'),
(36, 38, '5.2', 'debe asegurarse de que la pol?tica de la calidad:sea adecuado para su proposito'),
(37, 38, '5.2', 'debe asegurarse de que la politica de calidad  se incluye un compromiso de cumplir con los requisitos y de mejorar continuamente la efectividad del sistema de gesti?n de la calidad'),
(38, 38, '5.2', 'debe asegurarse que la politica de calidad proporciona un marco de referencia para establecer y revisar los objetivos de la calidad;'),
(39, 38, '5.2', 'debe asegurarse quela politica de calidad  es comunicada y entendida dentro de la instituci'),
(40, 38, '5.2', 'debe asegurarse que sea  revisada para continua adecuaci'),
(41, 41, '5.4.1', 'debe asegurarse de que los objetivos  de la calidad, incluyendo aquellos necesarios para cumplir los requisitos para los programas, se establecen en las funciones y niveles pertinentes dentro de las instituciones de formaci?n para el trabajo'),
(42, 41, '5.4.1', 'deben ser consecuentes con la pol?tica de la calidad y estar orientados a la mejora continua del sistema de gesti?n de la calidad de la instituci?n de formaci?n para el trabajo.'),
(43, 41, '5.4.1', ' deben ser medibles o evidenciables, a trav?s de indicadores, plazos, responsables y acciones concretas definidas para alcanzarlos'),
(44, 41, '5.4.1', ' deben incluir los objetivos esperados del proceso de formaci?n de los  estudiantes, en t?rminos de competencias laborales as? como los relacionados con las especificaciones de los servicios complementarios y de apoyo a la labor educativa, por tanto, tambi?n deben ser objeto de mediciones a trav?s de indicadores.'),
(45, 42, '5.4.2', 'debe asegurarse de que: la planificaci?n del sistema de gesti?n de la calidad se realiza con el fin de cumplir los requisitos citados en el numeral 4.1., as? como los objetivos de la calidad,'),
(46, 42, '5.4.2', 'debe asegurarse se define y documenta c?mo se cumplir?n los requisitos para el sistema de gesti?n de la calidad en la instituci?n de formaci?n, mediante la inclusi?n de elementos en el plan de mejoramiento de la calidad que conduzcan la implementaci?n de la pol?tica de la calidad (v?ase el numeral 3.7. del sistema de gesti?n de la calidad NTC-ISO 9000), es decir, se debe garantizar el cumplimiento  de la pol?tica y objetivos de la calidad, definiendo m?todos  de  implementaci?n  y  evaluaci?n  p'),
(47, 42, '5.4.2', 'debe asegurarse  se mantiene la integridad del sistema de gesti?n de la calidad cuando se planifican e implementan cambios en ?ste.'),
(48, 44, '5.5.1', ' debe definir y documentar la responsabilidad, la autoridad y las relaciones mutuas de todos  los miembros de la comunidad educativa (estudiantes, padres de familia, personal directivo, docente,  administrativo y de servicios), as? como de las instancias del gobierno con las que cuente, ya sean los consejos acad?mico y directivo, junta directiva o de socios, consejo directivo o asambleas de socios.'),
(49, 44, '5.5.1', 'deben ser consecuentes con el sistema de gesti?n de la calidad para toda la instituci?n oferente de servicios de formaci?n para el trabajo.'),
(50, 44, '5.5.1', ' deben documentar en el manual de la calidad,  en  la  documentaci?n  de  los  procesos  y  los  procedimientos,  en  el  manual  de convivencia,  cuando  sea  procedente,  entre  otros  documentos existentes  en  la  instituci?n oferente de servicios de formaci?n para el trabajo'),
(51, 45, '5.5.2', ' debe designar un encargado con responsabilidad que incluya: establecer, documentar, implementar, mantener y mejorar el sistema de gesti?n de la calidad, de acuerdo con los requisitos de la NTC ISO 9001:2000;'),
(52, 45, '5.5.2', 'debe desginar  mantener informada a la alta direcci?n y de darlo a conocer a la comunidad educativa'),
(53, 45, '5.5.2', 'debe designar asegurar la toma de conciencia de la calidad.'),
(54, 46, '5.5.3', ' debe establecer canales de comunicaci?n interna que aseguren: que los miembros de la comunidad educativa tengan claridad sobre la pol?tica y los objetivos de la calidad, los requisitos (necesidades y expectativas) y sus resultados as? como sobre sus responsabilidades'),
(55, 46, '5.5.3', 'debe establecer  una comunicaci?n oportuna y  precisa a  los distintos clientes (estudiantes y  sector productivo) para la prestaci?n del servicio educativo con calidad'),
(56, 46, '5.5.3', 'debe establecer  la difusi?n entre los estudiantes, padres de familia y/o acudientes, empresarios y otras partes interesadas, de las disposiciones legales y reglamentarias de la formaci?n para el trabajo.'),
(57, 48, '5.6.1', ' debe,  a  intervalos planificados, revisar su sistema de gesti?n de la calidad, para asegurarse de su conveniencia, adecuaci?n, eficacia, eficiencia y efectividad continuas. La revisi?n debe incluir la evaluaci?n institucional, la evaluaci?n y la revisi?n de los resultados del sistema de gesti?n de la calidad, de las propuestas de cambio y del plan de mejoramiento, la informaci?n sobre el destino de los egresados de acuerdo con el sistema de seguimiento establecido por la instituci?n, el an?lis'),
(58, 48, '5.6.1', 'Deben mantenerse registros de las revisiones por la direcci?n (v?ase el numeral 4.2.4)'),
(59, 49, '5.6.2', 'debe incluir: la pol?tica y los objetivos de la calidad'),
(60, 49, '5.6.2', 'debe incluir  los resultados de aprendizaje de los estudiantes medidos a trav?s de las pruebas tanto externas como evaluaciones internas de la instituci?n de formaci?n para el trabajo'),
(61, 49, '5.6.2', 'debe incluir  la informaci?n estad?stica derivada de los indicadores relevantes de los objetivos, tales como matr?cula, retenci?n, repetici?n, deserci?n, promoci'),
(62, 49, '5.6.2', 'debe incluir  el direccionamiento y plan estrat?gico de la instituci?n de formaci?n para el trabajo'),
(63, 49, '5.6.2', 'debe incluir las  condiciones del  contexto y  las necesidades concretas de formaci?n de talento humano del sector productivo al que apunta la oferta de formaci'),
(64, 49, '5.6.2', 'debe incluir  los resultados financieros de las instituciones;'),
(65, 49, '5.6.2', 'debe incluir  los efectos financieros de las actividades relacionadas con calidad;'),
(66, 49, '5.6.2', 'debe incluir  las acciones de seguimiento de las revisiones de la calidad efectuadas por la alta direcci?n de la instituci'),
(67, 49, '5.6.2', 'debe incluir los resultados de las evaluaciones de las quejas, reclamos, solicitudes, y manifestaciones de satisfacci?n de los clientes (estudiantes y sector productivo) y otras partes interesada'),
(68, 49, '5.6.2', 'debe incluir los  resultados  obtenidos  con  el  plan  de  mejoramiento institucional, incluyendo los resultados de las acciones preventivas y correctivas'),
(69, 49, '5.6.2', 'debe incluir el grado de cumplimiento del perfil esperado del egresado'),
(70, 49, '5.6.2', 'debe incluir la informaci?n sobre el destino de los egresados de la instituci'),
(71, 49, '5.6.2', 'debe incluir los resultados de los procesos de certificaci?n de competencia laboral de los egresados'),
(72, 49, '5.6.2', 'debe incluir las recomendaciones de mejora'),
(73, 49, '5.6.2', 'debe incluirlos cambios en los requisitos legales, profesionales o reglamentarios y los cambios en el marco legal vigente;'),
(74, 50, '5.6.2', 'debe incluir los resultados de las auditor?as internas al sistema de gesti?n de la calidad.'),
(75, 50, '5.6.3', 'debe incluir todas las decisiones y acciones relacionadas con: la mejora de la eficacia del sistema de gesti?n de la calidad y sus procesos'),
(76, 50, '5.6.3', 'debe incluir el ajuste del direccionamiento y el plan estrat?gico de la instituci'),
(77, 50, '5.6.3', 'debe incluir la mejora de la oferta de servicios de formaci?n para el trabajo en relaci?n con los requisitos del cliente (estudiantes y sector productivo'),
(78, 50, '5.6.3', 'debe incluir  los par?metros de mejoramiento del proceso de formaci?n y de los procesos de gesti?n acad?mica, directiva, administrativo ? financiero y de la comunidad'),
(79, 50, '5.6.3', 'debe incluir  el establecimiento de nuevas oportunidades de mejoramiento a trav?s de investigaciones y estudios con los actores educativos y partes interesada'),
(80, 50, '5.6.3', 'debe incluir  las necesidades de recursos'),
(81, 51, '6.1', 'deben  definir  mecanismos para  identificar, adquirir y disponer de los recursos necesarios para la realizaci?n de los procesos directivos, de prestaci?n del servicio educativo y de soporte, as? como para asegurar la satisfacci?n de sus clientes  (estudiantes  y   sector  productivo)  mediante  el  cumplimiento  de  sus  requisitos, garantizando la sostenibilidad, la permanencia y la calidad de los mismos.'),
(82, 53, '6.2.1', ' deben verificar: que el personal que se desempe?a en los diferentes cargos cuente con el perfil definido por  la  instituci?n de  formaci?n para el  trabajo, es  decir, que posea la  educaci?n, formaci?n,  competencias y experiencia apropiadas, de acuerdo con el car?cter del cargo (directivo,  docente, administrativo y de apoyo) y los requisitos definidos por el marco legal vigente'),
(83, 53, '6.2.1', 'debe verificar que el personal sea consciente de su responsabilidad, es decir, que demuestre la capacidad  para alcanzar los resultados deseados y para contribuir al logro de los objetivos y al cumplimiento de la misi?n institucional'),
(84, 53, '6.2.1', ' debe verificar que el personal sea capaz de trabajar en equipo de manera eficaz y eficiente dentro de la instituci'),
(85, 54, '6.2.2', ' debe definir  metodolog?as  e  instrumentos  para  determinar  las  competencias  en  funci?n  de  su responsabilidad, autoridad y objetivos estrat?gicos'),
(86, 54, '6.2.2', 'debe definir  acciones para informar, capacitar y formar personal, acordes con las competencias requeridas y las necesidades detectadas'),
(87, 54, '6.2.2', 'debe definir mantener los registros apropiados de la educaci?n, formaci?n, habilidades y experiencia (v?ase el numeral 4.2.4)'),
(88, 55, '6.3', ' deben identificar, suministrar y mantener la infraestructura necesaria para el funcionamiento normal de los procesos incluidos en el sistema de gesti?n de la calidad.'),
(89, 55, '6.3', 'debe indentificar Aulas;  aulas  especializadas;  laboratorios;  biblioteca;  espacios  para  la  cultura,  la recreaci?n y el deporte; oficinas y otros espacios para el desempe?o normal de las actividades de los estudiantes'),
(90, 55, '6.3', 'debe identificar Equipos, recursos did?cticos y tecnol?gicos para el proceso formaci?n, de acuerdo con el nivel y la modalidad de la formaci?n para el trabajo'),
(91, 55, '6.3', 'debe identificar Servicios p?blicos asociados al funcionamiento de las instalaciones, tales como: agua potable, energ?a el?ctrica y tel?fonos, con las instalaciones apropiadas'),
(92, 55, '6.3', 'debe identificar  Gases, combustibles y dem?s insumos para uso de instrumentaci'),
(93, 55, '6.3', 'debe indentificar  Equipos e instalaciones de seguridad y comunicaciones internas y externas y sistemas de informaci'),
(94, 56, '6.4', ' debe  considerar para gestionar los ambientes educativos, entre otros, los siguientes aspectos: seguridad y protecci?n de la comunidad educativa contra riesgos f?sicos, ambientales o generados por fen?menos naturales;'),
(95, 56, '6.4', 'debe considerar salud ocupacional estudiantes, docentes y personal administrativo, de acuerdo con las disposiciones legales vigentes que afecten los procesos de alcance del sistema de gesti?n de la calida'),
(96, 56, '6.4', 'debe considerar  identificaci?n,  mantenimiento  e  intervenciones  en  el  clima  organizacional  de  la instituci'),
(97, 56, '6.4', 'debe conciderar  buenas relaciones entre los diferentes estamentos de la comunidad educativa'),
(98, 56, '6.4', 'debe considerar dem?s aspectos contemplados en los requisitos legales y reglamentos de trabajo.'),
(99, 57, '', 'deben entender que la  realizaci?n del producto se refiere a la oferta de formaci?n para el trabajo, el cual se especifica  en  el  proyecto  educativo  institucional  (PEI)  o  su  equivalente,  y  la  cual  debe responder al marco legal vigente.'),
(100, 57, '7.1', ' debe evidenciar consistencia entre los objetivos de la calidad con el proyecto educativo institucional (PEI) o su equivalente, el direccionamiento estrat?gico y los requisitos  inherentes a la prestaci?n del servicio de formaci?n para el trabajo, definidos internamente y relacionados con el marco legal vigente.'),
(101, 57, '7.1', 'debe incluir  los  elementos  relevantes  del  direccionamiento  estrat?gico  en  relaci?n  con  las condiciones y especificidades de la oferta de servicios de formaci?n para el trabajo de la instituci'),
(102, 57, '7.1', 'debe incluir los objetivos de la calidad del servicio'),
(103, 57, '7.1', 'debe incluir  la  identificaci?n  y  documentaci?n  de  los  procesos  de  prestaci?n  del  servicio  de formaci?n para el trabajo'),
(104, 57, '7.1', 'debe incluir  los registros que sean necesarios para proporcionar evidencia de que los procesos de realizaci?n y el producto resultante cumplen los requisitos'),
(105, 57, '7.1', 'debe incluir  los determinados por la instituci?n para los procesos relacionados con la prestaci?n del servicio de formaci?n para el trabajo'),
(106, 59, '7.2.1', 'debe determinar  los requisitos relacionados con la prestaci?n del servicio educativo, los cuales apuntan a las  necesidades  y  expectativas  de  los  clientes  (estudiantes  y  entorno  productivo, econ?mico y social)'),
(107, 59, '7.2.1', 'debe determinar los  requisitos  de  los  clientes  y  de  las  partes  interesadas  no  establecidos  pero necesarios y acordados mutuamente para el cumplimiento de los objetivos de la calida'),
(108, 59, '7.2.1', 'debe determinar  los requisitos relacionados con la pertinencia de la oferta de formaci?n para el trabajo de  acuerdo con los perfiles demandados por el sector productivos, las competencias laborales identificadas y los escenarios futuro'),
(109, 59, '7.2.1', 'debe determinar los requisitos legales y reglamentarios relacionados con los servicios de formaci?n para el trabajo'),
(110, 59, '7.2.1', 'debe determinar cualquier requisito adicional determinado por la instituci?n de formaci?n para el trabajo en su proyecto educativo institucional (PEI) o equivalente'),
(111, 60, '7.2.2', ' deben revisar los requisitos y condiciones de la prestaci?n del servicio. Esta revisi'),
(112, 60, '7.2.2', 'debe realizarse antes de iniciarse la prestaci?n del mismo, y asegurarse de que los requisitos relacionados con el servicio de formaci?n para el trabajo est?n  resueltas  las  diferencias  existentes  entre  los  requisitos  del  contrato  y  los necesarios y acordados mutuamente para el cumplimiento de los objetivos de la calidad'),
(113, 60, '7.2.2', ' la instituci?n cuenta con la capacidad para cumplir con los requisitos definidos.'),
(114, 60, '7.2.2', 'Deben mantenerse registros de los resultados de la revisi?n y de las acciones originadas por la misma (v?ase el numeral 4.2.4)'),
(115, 60, '7.2.2', ' debe confirmar los requisitos del cliente antes de iniciar el proceso de formaci'),
(116, 60, '7.2.2', ' debe asegurarse   de   que   la   documentaci?n  pertinente  sea   modificada  y   que   el   personal correspondiente sea consciente de los requisitos modificados.'),
(117, 61, '7.2.3', ' deben determinar e implementar disposiciones eficaces para su comunicaci?n con los clientes (estudiantes y sector productivo) y las partes interesadas, relativas a:'),
(118, 61, '7.2.3', 'debe determinar el servicio educativo ofrecido, la forma de evaluarlo y los resultados obtenido'),
(119, 61, '7.2.3', 'debe determinar  los requisitos establecidos en los convenios o contratos que se suscriban'),
(120, 61, '7.2.3', 'debe determinar la orientaci?n al estudiante y de promoci?n de servicios a la comunidad educativa'),
(121, 61, '7.2.3', 'debe determinar  la retroalimentaci?n del cliente incluyendo sus consultas, quejas y solicitudes.'),
(122, 63, '7.3.1', ' deben planificar y controlar el dise?o y desarrollo de  su   oferta  de  programas  de  formaci?n  para  el  trabajo,  as?  como  de  sus  servicios complementarios y de apoyo, entre otros, atendiendo a:'),
(123, 63, '7.3.1', 'debe planificar las necesidades y expectativas de los clientes y partes interesada'),
(124, 63, '7.3.1', 'debe planificar  el proyecto educativo institucional (PEI) o su equivalente (en lo que refiere a principios, fundamentos filos?ficos, metodol?gicos, pedag?gicos y curriculares)'),
(125, 63, '7.3.1', 'debe planificar la legislaci?n vigente en materia de formaci?n para el trabajo.'),
(126, 63, '7.3.1', 'debe planificar Durante la planificaci?n del dise?o y desarrollo, las instituciones de formaci?n para el trabajo '),
(127, 63, '7.3.1', 'debe determinar las etapas del dise?o y desarrollo de los programas de formaci?n para el trabajo   con   sus   curr?culos  y   planes   de   estudio,  as?   como   de   sus   servicios complementarios y de apoyo, en las que se indique las personas, las responsabilidades, las actividades por desarrollar y los tiempos asignados, para lo cual se puede apoyar en: clientes, asesores,  otras  instituciones, grupos especializados, proyecci?n de los estudiantes, de acuerdo con el contexto entre otros'),
(128, 63, '7.3.1', 'debe  establecer las actividades de revisi?n de los programas de formaci?n para el trabajo y de los servicios complementarios y de apoyo, para cumplir los requisitos para evaluar la capacidad  del   dise?o,  mediante  la  determinaci?n  de  su  adecuaci?n,  eficacia  y conveniencia, identificar problemas potenciales y sus soluciones'),
(129, 63, '7.3.1', 'debe establecer las actividades de verificaci?n del dise?o de la oferta de formaci?n para el trabajo, con el prop?sito de comprobar si los resultados est?n cumpliendo los requisitos'),
(130, 63, '7.3.1', 'debe  establecer la validaci?n del dise?o de la oferta de formaci?n para el trabajo, mediante la evaluaci?n en condiciones reales de prestaci?n del servicio, y'),
(131, 63, '7.3.1', 'debe  asignar las responsabilidades y autoridades para el dise?o y desarrollo.'),
(132, 63, '7.3.1', ' deben definir en un plan de actividades de revisi?n, verificaci?n y validaci?n de los programas de formaci?n para el trabajo y de los servicios complementarios y de apoyo, entre otros, tambi?n deben asegurar que exista una coordinaci?n e integraci?n entre las partes involucradas.'),
(133, 63, '7.3.1', 'deben planificar la revisi?n peri?dica del proyecto educativo  institucional (PEI) o su equivalente y las directrices que de ?l se desprenden, as? como de los curr?culos y planes de estudios, en especial, luego de procesos de integraci?n o alianzas  con  otras  instituciones,  cambios  considerables  en  el  entorno,  modificaciones  o ampliaciones en el marco legal vigente y las disposiciones normativas.'),
(134, 64, '7.3.2', 'deben  recoger  informaci?n  de  las siguientes fuentes, entre otras:actores de la comunidad educativa (directivos, docentes, padres de familia, estudiantes, personal administrativo y de servicios'),
(135, 64, '7.3.2', 'debe recoger informacion de las autoridades gubernamentales relacionadas con la formaci?n para el trabaj'),
(136, 64, '7.3.2', 'debe recoger informacion de los gremios, asociaciones profesionales'),
(137, 64, '7.3.2', 'debe recoger informacion de las asociaciones educativas'),
(138, 64, '7.3.2', 'debe recoger informacion de  la comunidad aleda'),
(139, 64, '7.3.2', 'debe recoger informacion de el sector productivo.'),
(140, 64, '7.3.2', ' deben verificar los resultados del dise?o y desarrollo  de la oferta de formaci?n para el trabajo respecto a los elementos de entrada y aprobarse antes de poner en marcha la oferta.'),
(141, 64, '7.3.2', 'deben considerar cumplir los requisitos de los elementos de entrada para el dise?o y desarrollo de la oferta de formaci?n para el trabaj'),
(142, 64, '7.3.2', 'debe considerar proporcionar informaci?n apropiada para la prestaci?n del servicio de formaci?n para el trabajo, tales como plan de estudios, intensidad de la formaci?n, docentes, instructores o facilitadores requeridos, competencia que deben demostrar ellos, recursos f?sicos y de infraestructura, entre otros'),
(143, 64, '7.3.2', 'debe considerar contener o hacer referencia a los criterios de la calidad del servicio de formaci?n para el trabajo.'),
(144, 64, '7.3.2', 'debe considerar proyecto educativo institucional (PEI) o su equivalente'),
(145, 64, '7.3.2', 'debe considerar  demandas concretas del sector productivo en t?rminos de competencias a desarrollar'),
(146, 64, '7.3.2', ' debe considerar  caracter?sticas de los estudiantes'),
(147, 64, '7.3.2', 'debe considerar  marco normativo vigente relacionado con la formaci?n para el trabaj'),
(148, 64, '7.3.2', 'debe conciderar  planes  futuros  de  crecimiento  econ?mico  del  pa?s,  en  particular  en  los  sectores relacionados con la oferta de formaci?n para el trabajo de la instituci'),
(149, 64, '7.3.2', 'debe considerar especificaciones del cliente (v?ase el numeral 7.2.1)'),
(150, 64, '7.3.2', 'debe considerar  requisitos tecnol?gicos'),
(151, 64, '7.3.2', 'debe considerar caracter?sticas socioculturales'),
(152, 64, '7.3.2', ' deben registrar, mantener y revisar la informaci?n recolectada y asegurarse de que sea clara y completa, ya que los datos de salida del dise?o y desarrollo deber?n verificarse para determinar si satisfacen estos datos de entrada (v?ase el numeral 7.3.5)'),
(153, 65, '7.3.3', ' deben verificar los resultados del dise?o y desarrollo  de la oferta de formaci?n para el trabajo respecto a los elementos de entrada y aprobarse antes de poner en marcha la oferta.'),
(154, 65, '7.3.3', 'debe considerar cumplir los requisitos de los elementos de entrada para el dise?o y desarrollo de la oferta de formaci?n para el trabajo;'),
(155, 65, '7.3.3', 'debe consiserar proporcionar informaci?n apropiada para la prestaci?n del servicio de formaci?n para el trabajo, tales como plan de estudios, intensidad de la formaci?n, docentes, instructores o facilitadores requeridos, competencia que deben demostrar ellos, recursos f?sicos y de infraestructura, entre otros'),
(156, 65, '7.3.3', ' debe considerar contener o hacer referencia a los criterios de la calidad del servicio de formaci?n para el trabajo.'),
(157, 66, '7.3.4', ' deben realizar revisiones sistem?ticas del dise?o y  desarrollo de la oferta de formaci?n para el trabajo, de acuerdo con lo especificado en el numeral anterior (v?ase el numeral 7.3.2), con el fin de asegura'),
(158, 66, '7.3.4', 'debe realizar cada etapa del dise?o y desarrollo que se est? elaborando, brinde la satisfacci?n a los requisitos que le dieron origen'),
(159, 66, '7.3.4', ' debe realizar el dise?o y la planificaci?n del desarrollo permitan alcanzar los resultados esperados, con el fin de identificar problemas y desarrollar soluciones'),
(160, 66, '7.3.4', 'debe realizar  los participantes de las revisiones est?n involucrados en las actividades surgidas de ese dise?o y desarrollo, por ejemplodirectivos, docentes o instructores  asesores en temas educativospersonal administrativo de apoyo  asesores en temas educativos - empresarios.'),
(161, 66, '7.3.4', 'deben decidir, en la planificaci?n de acuerdo con las  etapas  y  complejidad del  dise?o,  si  es  suficiente una  revisi?n  o  se  requieren varias revisiones.  Deben mantenerse registros de los resultados de las revisiones y de cualquier acci?n necesaria (v?ase el numeral 4.2.4).'),
(162, 67, '7.3.5', ' deben verificar, de acuerdo con lo planificado (v?ase el numeral 7.3.1), para asegurarse de que los resultados del dise?o y desarrollo de la oferta de  formaci?n  para el trabajo cumplen los requisitos de los elementos de entrada del dise?o y desarrollo'),
(163, 67, '7.3.5', ' Deben mantenerse registros de los resultados de la verificaci?n y de cualquier acci?n que sea necesaria (v?ase el numeral 4.2.4 y el Anexo D).'),
(164, 68, '7.3.6', ' deben validar el dise?o y desarrollo de la oferta de  formaci?n para el trabajo, de acuerdo con lo planificado (v?ase el numeral 7.3.1) para asegurarse de que la oferta de formaci?n para el trabajo resultante satisface los requisitos para su aplicaci?n especificada o uso previsto, cuando sea conocido.'),
(165, 68, '7.3.6', 'Deben mantenerse registro de los resultados de la validaci?n y de cualquier acci?n que sea necesaria (v?ase el numeral 4.2.4 y el Anexo E).'),
(166, 69, '7.3.7', 'deben incluir en los registros la manera c?mo se controlaran los cambios en dise?os de los planes de estudio, programas de formaci?n para el trabajo, as? como de los servicios complementarios y de apoyo, ya validados'),
(167, 69, '7.3.7', 'debe establecer qui?n  est? autorizado para revisar y aprobar los cambios, para este prop?sito se puede aplicar el procedimiento de control de documentos.'),
(168, 69, '7.3.7', 'Deben mantenerse registro de los resultados de la revisi?n de los cambios y de cualquier acci?n que sea necesaria (v?ase el numeral 4.2.4.).'),
(169, 71, '7.4.1', 'deben asegurarse de que las compras de productos  o servicios que tengan efecto sobre la calidad del servicio o en los procesos de prestaci?n del servicio de formaci?n para el trabajo, cumple con los requisitos especificados'),
(170, 71, '7.4.1', 'deben determinar el alcance de esta disposici?n, teniendo en cuenta el mayor o menor grado de incidencia sobre los procesos de realizaci?n y sus resultados. Es conveniente que se planifique, controle y verifique el proceso de compras'),
(171, 71, '7.4.1', 'deben considerar para la evaluacion La  experiencia  previa  con  el  proveedor  durante  un  per?odo  que  indica  que  ha suministrado bienes o servicios en forma confiable y sistem?tica. (Los proveedores de material de biblioteca, hardware y otros insumos generales se deben evaluar desde este enfoque)'),
(172, 71, '7.4.1', 'deben conciderar  La certificaci?n del producto, emitida por un organismo de certificaci?n acreditado'),
(173, 71, '7.4.1', 'deben  considerar La certificaci?n del sistema de gesti?n de la calidad del proveedor, emitida por un organismo de certificaci?n acreditado, que en el alcance cubra los bienes o servicios que va a suministrar el proveedo'),
(174, 71, '7.4.1', 'deben considerar La declaraci?n de conformidad emitida por el proveedor (v?ase la NTC-ISO 17050)'),
(175, 71, '7.4.1', 'deben considerar  La evaluaci?n del nuevo proveedor durante un periodo de prueba.'),
(176, 71, '7.4.1', 'deben considerar  Las referencias proporcionadas por otros clientes respecto del proveedo'),
(177, 71, '7.4.1', 'debe considerar Las referencias proporcionadas por otros clientes respecto del proveedor.'),
(178, 71, '7.4.1', 'deben considerar Los criterios definidos por el establecimiento educativo para asegurarse del cumplimiento de requisitos del servicio.'),
(179, 71, '7.4.1', 'deben tener en cuenta  Las especificaciones del bien o servicio ofrecidas por el proveedor o las exigidas por el establecimiento educativo.'),
(180, 71, '7.4.1', 'deben tener en cuenta.El tiempo de entrega suministrado'),
(181, 71, '7.4.1', 'deben tener en cuenta las cantidades entregadas '),
(182, 71, '7.4.1', 'deben tener en cuenta  Los aspectos financieros ligados a la compra'),
(183, 71, '7.4.1', 'deben tener en cuenta el marco legal vigente'),
(184, 72, '7.4.2', 'debe describir las caracter?sticas del insumo o servicio por comprar antes de informar al proveedor, para lo cual puede tener en cuenta: que el insumo o servicio llene las necesidades y expectativas de la instituci?n de formaci?n para el trabajo.\n'),
(185, 72, '7.4.2', 'debe tener en cuenta los requisitos para la calificacion personal'),
(186, 72, '7.4.2', 'deben tener en cuenta los requisitos de gesti?n de la calidad  que la institucion considere pertinente'),
(187, 72, '7.4.2', ' debe definir un m?todo de revisi?n de ?rdenes de compra antes de emitirlas al proveedor y establecer la forma para que esa revisi?n quede evidenciada.'),
(188, 73, '7.4.3', ' deben establecer e implementar la inspecci?n u otras  actividades  necesarias  para  asegurarse  de  que  el  producto  comprado  cumple  los requisitos de compra especificados.'),
(189, 73, '7.4.3', 'debe establecer en la informaci?n de compra las disposiciones para la verificaci?n pretendida y el m?todo para la liberaci?n del producto'),
(190, 75, '7.5.1', ' deben implementar controles a los procesos relacionados  con una adecuada prestaci?n del servicio de formaci?n para el trabajo. Las condiciones controladas deben incluir la disponibilidad de informaci?n que describa las caracter?sticas del servicio educativo.\nV?ase Anexo F., cuando sea aplicable:'),
(191, 75, '7.5.1', 'deben incluir  la disponibilidad de instrucciones espec?ficas de los procesos directivos, acad?micos, administrativos y financieros y de gesti?n de la comunidad, definidos por la instituci?n oferente de servicios de formaci?n para el trabajo'),
(192, 75, '7.5.1', 'deben  incluir  el uso sistem?tico de recursos did?cticos y equipos apropiados (por ejemplo, material audiovisual, impresos, computadores, proyectores y equipos de laboratorio, entre otros)'),
(193, 75, '', 'debe incluir  la disponibilidad y uso de instrumentos de seguimiento y evaluaci?n de los estudiantes (por  ejemplo, pruebas escritas y orales, trabajos de clase y extra clase, evaluaciones externas y proyectos acad?micos, entre otros);'),
(194, 75, '7.5.1', 'debe incluir la implementaci?n de un sistema de seguimiento de egresados, de acuerdo con lo establecido;'),
(195, 75, '7.5.1', 'deben incluir la evaluaci?n de los estudiantes'),
(196, 75, '7.5.1', 'debe incluir  las caracter?sticas de los servicios del bienestar estudiantil y complementarios (por ejemplo,   bibliotecas,  transporte,  actividades  culturales  y  deportivas,  medios  de comunicaci?n, alimentaci?n, asistencia psicol?gica o m?dica, entre otros);'),
(197, 76, '7.5.2', ' deben validar los procesos de prestaci?n del servicio  de  formaci?n para el trabajo peri?dicamente en frecuencias especificadas, o cuando cambie  alguno  de  los  factores que  incide  en  ellos:  requerimientos del  sector  productivo, competencia  del   personal,   materiales,  equipos,  m?todos  o  procedimientos,  condiciones ambientales, marco legal vigente, entre otros.'),
(198, 76, '7.5.2', 'debe realizar mediante una revisi?n de los procesos de prestaci?n del servicio con la consecuente actualizaci?n de su planificaci?n o mediante la revisi?n de los indicadores de medici?n de  los mismos. Igualmente'),
(199, 76, '7.5.2', 'debe considerar las apreciaciones de los clientes (estudiantes y sector productivo) y partes interesadas.'),
(200, 77, '7.5.3', 'deben identificar el estado del servicio educativo respecto a los requisitos de seguimiento y medici'),
(201, 78, '7.5.4', ' deben manejar, almacenar y mantener los materiales  y los registros suministrados por los estudiantes, padres de familia, empresas u organizaciones que contratan servicios de educaci?n, autoridades educativas u otro tipo de entidades  con las que efect?e alianzas o convenios, de tal manera que se eviten da?os o p?rdidas,  y   salvaguardar  los  materiales,  el  contenido  de  los  documentos  y  cualquier informaci?n proporcionada'),
(202, 78, '7.5.4', 'debe incluir el material del proyecto presentado por los estudiantes'),
(203, 78, '7.5.4', 'debe incluir la informaci?n y los medios magn?ticos en los cuales se presentaron los trabajo'),
(204, 78, '7.5.4', 'debe incluir  el equipo y materiales pertenecientes a los estudiantes y a otros actores o entidades, tales como libros, papeler?a, instrumentos o herramientas, entre otros'),
(205, 78, '7.5.4', 'debe incluir  informaci?n personal de los estudiantes (familiar y acad?mica).'),
(206, 79, '7.5.5', 'deben preservar los documentos acad?micos, tales  como planes de estudio, programas y materiales impresos o electr?nicos, como libros, reportes de rendimiento acad?mico, discos magn?ticos u ?pticos, programas de computadora y archivos, entre otros.'),
(207, 79, '7.5.5', ' deben  preservar los  suministros para  los  procesos formativos en  laboratorios o talleres tales como insumos qu?micos para laboratorios, materiales crudos o procesados para plantas piloto, productos de vida limitada en almac?n para prop?sitos de formaci?n o trabajos de investigaci?n y desarrollo.'),
(208, 80, '7.6', ' deben determinar el seguimiento y la medici?n a realizar, y asegurar que los instrumentos de seguimiento y medici?n del servicio de formaci?n para el trabajo necesarios para proporcionar la evidencia de la conformidad del productos con los requisitos determinados (v?ase el numeral 7.2.1.).'),
(209, 81, '8.1', 'deben dise?ar, planificar e implementar los procesos y m?todos de seguimiento, an?lisis y mejora necesarios'),
(210, 81, '8.1', 'debe  asegurar un desempe?o orientado al logro de los objetivos del sistema de gesti?n de la calidad'),
(211, 81, '8.1', 'debe  asegurarse de la satisfacci?n de los clientes (estudiantes y sector productivo)'),
(212, 81, '8.1', 'debe definirc?mo efectuar la medici?n (registros, instrumentos y formatos);'),
(213, 81, '8.1', 'debe definir  c?mo efectuar la medici?n (registros, instrumentos y formato'),
(214, 81, '8.1', 'debe definir cu?ndo se har? la medici?n (momento de la medici?n y periodicidad de la misma dependiendo del ciclo del proceso, ya sea anual, semestral, mensual, diario, etc'),
(215, 81, '8.1', 'debe definir qui?nes intervienen en la medici?n (responsable'),
(216, 81, '8.1', 'debe definir la utilidad de la medici'),
(217, 81, '8.1', 'Debe planificarse la medici?n teniendo en cuenta, por ejemplo, la secuencia de actividades, cronograma, responsables de cada etapa y recursos necesarios, entre otros.'),
(218, 81, '8.1', 'deben tenerse en cuenta los requisitos legales vigentes.'),
(219, 83, '8.2.1', 'deben realizar el seguimiento de la informaci?n relativa a  la percepci?n de satisfacci?n de los clientes con respecto al cumplimiento de sus requisitos por parte de la organizaci'),
(220, 83, '8.2.1', '. Deben determinarse los m?todos para obtener y utilizar dicha informaci'),
(221, 84, '8.2.2', ' deben llevar a cabo a intervalos planificados auditor?as internas para determinar si el sistema de gesti?n de la calidad'),
(222, 84, '8.2.2', 'debe  planificar  un  programa  de  auditor?as  tomando  en  consideraci?n  el  estado  y  la importancia de los procesos y ?reas por auditar, as? como los resultados de auditor?as previas. Se deben definir los criterios de auditor?a, el alcance de la misma, su frecuencia y metodolog?a.'),
(223, 84, '8.2.2', 'debe asegurar: la objetividad e imparcialidad del proceso de auditor'),
(224, 84, '8.2.2', 'debe establecer requisitos de competencia de los auditores internos, basada en:educaci?n, experiencia laboral en el sector educativo entrenamiento en conceptos y requisitos del sistema de gesti?n de la calidad, entrenamiento en m?todos de auditor?a,  habilidades de auditor?a, entre otros, Los auditores no deben auditar su propio trabajo.'),
(225, 84, '8.2.2', 'Deben definirse, en un procedimiento documentado, las responsabilidades y requisitos para la planificaci?n y la realizaci?n de auditor?as, para informar los resultados y para mantener los registros (v?ase el numeral 4.2.4)'),
(226, 84, '8.2.2', ' debe asegurarse de que se toman acciones sin demora injustificada para eliminar las no conformidades detectadas y sus causas. Las actividades de  seguimiento'),
(227, 84, '8.2.2', ' deben incluir la verificaci?n de las acciones tomadas y el informe de los resultados de la verificaci?n (v?ase el numeral 8.5.2).'),
(228, 85, '8.2.3', 'deben aplicar m?todos apropiados para el seguimiento y, cuando sea aplicable, la medici?n de los procesos del sistema de gesti?n de la calidad.  Estos m?todos deben demostrar la capacidad de los procesos para alcanzar los resultados planificados. Cuando no se alcancen los resultados planificados'),
(229, 85, '8.2.3', ' deben llevarse a cabo   correcciones   y   acciones  correctivas,  seg?n  sea  conveniente,  para  asegurar  la conformidad de los servicios de formaci?n para el trabajo.'),
(230, 86, '8.2.4', ' deben definir y aplicar m?todos apropiados de medici?n y seguimiento de las caracter?sticas de la calidad especificadas previamente en la planificaci?n de la prestaci?n del servicio educativo, incluida la evaluaci'),
(231, 86, '8.2.4', 'debe definir los logros de aprendizaje de los estudiantes, de acuerdo con el programa de formaci'),
(232, 86, '8.2.4', 'debe definir el cumplimiento en el desarrollo del curr?culo,'),
(233, 86, '8.2.4', 'debe definir la conformidad y pertinencia de las ayudas educativas utilizada'),
(234, 86, '8.2.4', 'debe definir  el cumplimiento de las disposiciones del marco legal vigente'),
(235, 86, '8.2.4', 'debe definir la idoneidad y desempe?o de sus docentes, instructores o facilitadores.'),
(236, 87, '8.3', ' deben asegurarse de que las no conformidades se identifiquen en los resultados derivados de la medici?n y seguimiento de los procesos de la instituci'),
(237, 87, '8.3', 'deben estar definidos en un procedimiento documentado.'),
(238, 87, '8.3', 'debe tratar los productos no conformes de uno o m?s de sus procesos de las siguientes maneras: tomando acciones para eliminar la no conformidad detectada'),
(239, 87, '8.3', 'debe tratar los productos no   autorizando su uso, liberaci?n o aceptaci?n bajo concesi?n por una autoridad pertinente y, cuando sea aplicable, por el cliente'),
(240, 87, '8.3', 'debe tratarlos productos  tomando acciones para impedir su uso o aplicaci?n originalmente previsto.'),
(241, 87, '8.3', 'debe tomar acciones para eliminar la no conformidad detectada y prevenir su ocurrencia futura.'),
(242, 87, '8.3', 'Deben mantenerse registros (v?ase el numeral 4.2.4) de la naturaleza de las no conformidades en el  servicio de formaci?n para el trabajo y de cualquier acci?n tomada posteriormente, incluidas las concesiones que se hayan obtenido'),
(243, 88, '8.4', ' deben determinar, recopilar y analizar los datos apropiados para demostrar la adecuaci?n y la eficacia del sistema de gesti?n de la calidad y para evaluar d?nde puede realizarse la mejora continua del mismo'),
(244, 88, '8.4', ' debe incluir los datos generados del resultado de la medici?n y seguimiento y de cualquier otra fuente pertinente. El an?lisis de datos debe proporcionar informaci'),
(245, 88, '8.4', 'debe proporcionar informacion  acerca de  la satisfacci?n de los clientes (v?ase el numeral 8.2.1)'),
(246, 88, '8.4', 'debe proporcionar informacion  acerca de  la  conformidad con los requisitos del servicio de formaci?n para el trabajo (v?ase el numeral 7.2.1),'),
(247, 88, '8.4', 'debe proporcionar informacion  acerca de   las caracter?sticas y tendencias de los procesos y del servicio de formaci?n para el trabajo'),
(248, 88, '8.4', 'debe proporcionar informacion de  los proveedores.'),
(249, 90, '8.5.1', ' deben mejorar continuamente la eficacia del sistema  de gesti?n de la calidad por medio de la utilizaci?n de la pol?tica de la calidad, el cumplimiento de  los objetivos de la calidad, la toma de decisiones como resultado de las evaluaciones internas y externas, las auditor?as, el an?lisis de datos, las acciones correctivas y preventivas, el plan de mejoramiento de la calidad, la consulta peri?dica de las condiciones del contexto, las nuevas disposiciones legales y la revisi?n por la alta direc'),
(250, 91, '8.5.2', 'deben tomar acciones para eliminar la causa de no conformidades con objeto de prevenir que vuelva a ocurrir. Las acciones correctivas deben ser apropiadas a los efectos de las no conformidades encontradas'),
(251, 91, '8.5.2', 'Debe establecerse un procedimiento documentado para definir los requisitos para: Revisar las no conformidades (incluyendo las quejas de los clientes);'),
(252, 91, '8.5.2', 'debe establecer un procedimiento para  Determinar las causas de las no conformidades.'),
(253, 91, '8.5.2', 'debe establecer un procedimiento para   Analizar fortalezas y debilidades en cada uno de los componentes de gesti?n (directiva, acad?mica, administrativa - financiera y de gesti?n de la comunidad) en relaci?n con el proyecto  educativo institucional (PEI) o  su equivalente, el marco legal vigente, las demandas de formaci?n del talento humano del sector productivo y los resultados de las evaluaciones internas y externas'),
(254, 91, '8.5.2', 'debe establecer un procedimiento para  Evaluar la necesidad de adoptar acciones para asegurarse de que las no conformidades no vuelvan a ocurrir.'),
(255, 91, '8.5.2', 'debe establecer un procedimiento para   Determinar  e  implementar  las  acciones  necesarias  e  incluirlas  en  el  plan  de mejoramient'),
(256, 91, '8.5.2', ' debe establecer un procedimiento para  Registrar los resultados de las acciones tomadas (v?ase el numeral 4.2.4.'),
(257, 91, '8.5.2', 'debe establecer un procedimiento para  Revisar las acciones correctivas tomadas.'),
(258, 92, '8.5.3', ' deben implementar acciones preventivas que sean el resultado del an?lisis de causas de no conformidades potenciales y oportunidades de mejora del  sistema de gesti?n de la calidad y de los procesos de formaci?n para el trabajo, considerando datos'),
(259, 92, '8.5.3', 'debe implementar  los procesos de informaci?npara  proveniente  de  las  tendencias,  indicadores  de  aprendizaje  de  los estudiantes y del desempe?o del personal tanto docente como administrativo y de servicio'),
(260, 92, '8.5.3', 'debe implementar los procesos de informacion para  identificaci?n y valoraci?n de riesgos en los distintos procesos de gesti?n que inciden con el logro de los objetivos de la calidad propuestos;'),
(261, 92, '8.5.3', 'debe impementar los procesos de informacion para  los objetivos de la calidad alcanzados;'),
(262, 92, '8.5.3', 'debe implementar los procesos de informacion para  an?lisis de costos relacionados con el logro de los objetivos de la calidad;'),
(263, 92, '8.5.3', 'debe implementar procesos de informacion  para  encuestas de satisfacci?n de los cliente y de otras partes interesadas que han sido identificadas'),
(264, 92, '8.5.3', 'deben implementar los procesos de informacion para resultados de las evaluaciones internas y externas, las auditor?as y de la revisi?n por la alta direcci'),
(265, 92, '8.5.3', 'debe implementar los procesos para  el marco legal vigente'),
(266, 0, '', ''),
(267, 1, '4.1', 'debe establecer, documentar, implementar y mantener un sistema de gesti?n de la calidad y mejorar continuamente'),
(268, 1, '4.1', 'debe? determinar los procesos para el sistema de gesti?n de la calidad y su aplicaci?n a trav?s de la organizaci?n (v?ase 1.2),'),
(269, 1, '4.1', 'debe determinar la secuencia e interacci?n de estos procesos'),
(270, 1, '4.1', 'debe? determinar los criterios y los m?todos necesarios para asegurarse de que tanto la operaci?n como el control de estos procesos sean eficaces,'),
(271, 1, '4.1', 'debe? asegurarse de la disponibilidad de recursos e informaci?n necesarios para apoyar la operaci?n y el seguimiento de estos procesos,'),
(272, 1, '4.1', 'debe ? realizar el seguimiento, la medici?n cuando sea aplicable y el an?lisis de estos procesos,'),
(273, 1, '4.1', 'debe? implementar las acciones necesarias para alcanzar los resultados planificados y la mejora continua de estos procesos.'),
(274, 1, '4.1', 'debe gestionar estos procesos de acuerdo con los requisitos de esta Norma Internacional.'),
(275, 1, '4.1', 'debe organizaci?n debe asegurarse de controlar tales procesos. El tipo y grado de control a aplicar sobre dichos procesos contratados externamente '),
(276, 1, '4.1', ' debe estar definido dentro de sistema de gesti?n de la calidad.'),
(277, 2, '4.2.1', 'debe incluir:  declaraciones documentadas de una pol?tica de la calidad y de objetivos de la calidad'),
(278, 2, '4.2.1', 'debe incluir:  un manual de la calidad');
INSERT INTO `debes` (`id`, `subnormaindice_id`, `numeral`, `descripcion`) VALUES
(279, 2, '4.2.1', 'debe incluir:  los procedimientos documentados y los registros requeridos por esta Norma Internacional, y  los documentos, incluidos los registros que la organizaci?n determina que son necesarios para asegurarse de la eficaz planificaci?n, operaci?n y control de sus procesos.d) los documentos, incluidos los registros que la organizaci?n determina que son necesarios para asegurarse de la eficaz planificaci?n, operaci?n y control de sus procesos.'),
(280, 2, '4.2.2', 'debe establecer y mantener un manual de la calidad que incluya:  el alcance del sistema de gesti?n de la calidad, incluyendo los detalles y la justificaci?n del cualquier exclusi?n (v?ase 1.2),'),
(281, 2, '4.2.2.', 'debe establecer y mantener un manual de la calidad que incluya:  los procedimientos documentados establecidos para el sistema de gesti?n de la calidad, o referencia a los mismos, '),
(282, 2, '4.2.2', 'debe establecer y mantener un manual de la calidad que incluya:  una descripci?n de la interacci?n entre los procesos del sistema de gesti?n de la calidad.'),
(283, 2, '4.2.3', 'deben controlarse. Los registros son un tipo especial de documento '),
(284, 2, '4.2.3', 'y deben controlarse de acuerdo con los requisitos citados en el apartado 4.2.4.'),
(285, 2, '4.2.3.', 'Debe establecerse un procedimiento documentado que defina los controles necesarios para: aprobar los documentos en cuanto a su adecuaci?n antes de su emisi'),
(286, 2, '4.2.3', 'debe revisar y actualizar los documentos  cuando sea necesario y aprobarlos nuevamente'),
(287, 2, '4.2.3', ' debe asegurarse de que se identifican los cambios y el estado de la versi?n vigente de los documentos,'),
(288, 2, '4.2.3', 'debe asegurarse de que las versiones pertinentes de los documentos aplicables se encuentran disponibles en los puntos de uso,'),
(289, 2, '4.2.3', 'debe? asegurarse de que los documentos permaneces legibles y f?cilmente identificables,'),
(290, 2, '4.2.3', 'debe asegurarse de que los documentos de origen externo, que la organizaci?n determina que son necesarios para la planificaci?n y la operaci?n del sistema de gesti?n de la calidad, se identifican y que se controla su distribuci'),
(291, 2, '4.2.3', 'debe? prevenir el uso no intencionado de documentos obsoletos, y aplicarles una identificaci?n adecuada en el caso de se mantengan por cualquier raz'),
(292, 2, '4.2.4', 'deben controlarse.la organizaci'),
(293, 2, '4.2.4', 'debe establecer un procedimiento documentado para definir los controles necesarios para la identificaci?n, el almacenamiento, la protecci?n, la recuperaci?n, la retenci?n y la disposici?n de los registros.'),
(294, 2, '4.2.4', 'deben permanecer legibles, f?cilmente identificables y recuperables.'),
(295, 3, '5.1', 'debe proporcionar evidencia de su compromiso con el desarrollo e implementaci?n del sistema de gesti?n de la calidad, as? como con la mejora continua de su eficacia:'),
(296, 3, '5.1', 'debe comunicando a la organizaci?n la importancia de satisfacer tanto los requisitos del cliente como los legales y reglamentarios,'),
(297, 3, '5.1', 'debe?? estableciendo la pol?tica de la calidad,'),
(298, 3, '5.1', 'debe? asegurando que se establecen los objetivos de la calidad,'),
(299, 3, '5.1', 'debe?? llevar a cabo las revisiones por la direcci?n, y  asegurando la disponibilidad de recursos.'),
(300, 4, '5.2', 'debe asegurarse de que los requisitos del cliente se determinan y se cumplen con el prop?sito de aumentar la satisfacci?n del cliente (v?anse 7.2.1 y 8.2.1).'),
(301, 5, '5.3', 'debe asegurarse de que la pol?tica de la calidad  es adecuada al prop?sito de la organizaci'),
(302, 5, '5.3', 'debe asegurarse de que la pol?tica de la calidad  incluya un compromiso de cumplir con los requisitos y de mejorar continuamente la eficacia del sistema de gesti?n de la calidad,'),
(303, 5, '5.3', 'debe asegurarse de que la pol?tica de la calidad proporciona un marco de referencia para establecer y revisar los objetivos de la calidad,'),
(304, 5, '5.3', 'debe asegurarse de que la pol?tica de la calidad  es comunicada y entendida dentro de la organizaci?n, y \n es revisada para su continua adecuaci?n.\n'),
(305, 6, '5.4.1', ' debe asegurarse de que los objetivos de la calidad, incluyendo aquellos necesarios para cumplir los requisitos para el producto [v?ase 7.1 a)], se establecen en las funciones y los niveles pertinentes dentro de la organizaci?n. Los objetivos de la calidad '),
(306, 6, '5.4.1', ' deben ser medibles y coherentes con la pol?tica de la calidad.'),
(307, 6, '5.4.2', 'debe asegurarse de que:  la planificaci?n del sistema de gesti?n de la calidad se realiza con el fin de cumplir los requisitos citados en el apartado 4.1, as? como los objetivos de la calidad'),
(308, 6, '5.4.2', 'debe asegurarse de que se mantiene la integridad del sistema de gesti?n de la calidad cuando se planifican e implementan cambios en ?ste.'),
(309, 7, '5.5.1', 'debe asegurarse de que las responsabilidades y autoridades est?n definidas y son comunicadas dentro de la organizaci'),
(310, 7, '5.5.2', ' debe designar un miembro de la direcci?n de la organizaci?n quien, independientemente de otras responsabilidades'),
(311, 7, '5.5.2', ', debe tener la responsabilidad y autoridad que incluya: asegurarse de que se establecen, implementan y mantienen los procesos necesarios para el sistema de gesti?n de la calidad,'),
(312, 7, '5.5.2', ', debe tener la responsabilidad y autoridad que incluya: b) informar a la alta direcci?n sobre el desempe?o del sistema de gesti?n de la calidad y de cualquier necesidad de mejora'),
(313, 7, '5.5.2', 'debe? asegurarse de que se promueva la toma de conciencia de los requisitos del cliente en todos los niveles de la organizaci'),
(314, 7, '5.5.3', 'debe asegurarse de que se establecen los procesos de comunicaci?n apropiados dentro de la organizaci?n y de que la comunicaci?n se efect?a considerando la eficacia del sistema de gesti?n de la calidad.'),
(315, 8, '5.6.1', 'debe revisar el sistema de gesti?n de la calidad de la organizaci?n, a intervalos planificados, para asegurarse de su conveniencia, adecuaci?n y eficacia continuas. La revisi'),
(316, 8, '5.6.1', 'debe incluir la evaluaci?n de las oportunidades de mejora y la necesidad de efectuar cambios en el sistema de gesti?n de calidad, incluyendo la pol?tica de la calidad y los objetivos de la calidad.'),
(317, 8, '5.6.1', 'Deben mantenerse registros de las revisiones por la direcci?n (v?ase 4.2.4).'),
(318, 8, '5.6.2', 'debe incluir:  los resultados de auditor?as,'),
(319, 8, '5.6.2', 'debe incluir: la retroalimentaci?n del cliente'),
(320, 8, '5.6.2', 'debe incluir: el desempe?o de los procesos y la conformidad del producto,'),
(321, 8, '5.6.2', 'debe incluir:  el estado de las acciones correctivas y preventivas,'),
(322, 8, '5.6.2', 'debe incluir:  las acciones de seguimiento de revisiones por la direcci?n previas,'),
(323, 8, '5.6.2', 'debe incluir:  los cambios que podr?an afectar al sistema de gesti?n de la calidad, '),
(324, 8, '5.6.2', 'debe incluir: las recomendaciones para la mejora'),
(325, 8, '5.6.3', 'deben incluir todas las decisiones y acciones relacionadas con:  la mejora de la eficacia del sistema de gesti?n de la calidad y sus procesos,'),
(326, 8, '5.6.3', 'deben incluir todas las decisiones y acciones relacionadas con:  la mejora del producto en relaci?n con los requisitos del cliente'),
(327, 8, '5.6.3', 'deben incluir todas las decisiones y acciones relacionadas con: c) las necesidades de recursos.'),
(328, 9, '6.1', 'debe determinar y proporcionar los recursos necesarios para:  implementar y mantener el sistema de gesti?n de la calidad y mejorar continuamente se eficacia  '),
(329, 9, '6.1', 'debe determinar y proporcionar los recursos necesarios para: b) aumentar la satisfacci?n del cliente mediante el cumplimiento de sus requisitos.\n\n'),
(330, 10, '6.2.2', '?? debe terminar la competencia necesaria para el personal que realiza trabajos que afectan a la conformidad con los requisitos del producto,'),
(331, 10, '6.2.2', 'debe? cuando sea aplicable, proporcionar formaci?n o tomar otras acciones para lograr la competencia necesaria, '),
(332, 10, '6.2.2', ' debe? evaluar la eficacia de las acciones tomadas,'),
(333, 10, '6.2.2', 'debe asegurarse de que su personal es consciente de la pertinencia e importancia de sus actividades y de c?mo contribuyen al logro de los objetivos de la calidad'),
(334, 10, '6.2.2', ' debe  mantener los registros apropiados de las educaci?n, formaci?n, habilidades y experiencia (v?ase 4.2.4).'),
(335, 11, '6.3', ' debe determinar, proporcionar y mantener la infraestructura necesaria para lograr la conformidad con los requisitos del producto. La infraestructura incluye, cuando sea aplicable:'),
(336, 11, '6.3', 'debe determinar  edificios, espacio de trabajo y servicios asociados,'),
(337, 11, '6.3', 'debe determinar  equipo para los procesos (tanto hardware como software), '),
(338, 11, '6.3', 'debe determinar c) servicios de apoyo (tales como transporte, comunicaci?n o sistemas de informaci?n).\n\n'),
(339, 12, '6.4', 'debe determinar y gestionar el ambiente de trabajo necesario para lograr la conformidad con los requisitos del producto.'),
(340, 13, '7.1', 'debe planificar y desarrollar los procesos necesarios para la realizaci?n del producto. La planificaci?n de la realizaci?n del producto'),
(341, 13, '7.1', 'debe ser coherente con los requisitos de los otros procesos del sistema de gesti?n de la calidad (v?ase 4.1).'),
(342, 13, '7.1', 'debe determinar los objetivos de la calidad y los requisitos para el producto,'),
(343, 13, '7.1', 'debe determinar  la necesidad de establecer procesos y documentos, y de proporcionar recursos espec?ficos para el producto,'),
(344, 13, '7.1', 'debe determinar  las actividades requeridas de verificaci?n, validaci?n, seguimiento, medici?n inspecci?n y ensayo/prueba espec?ficas para el producto as? como los criterios para la aceptaci?n del mismo,'),
(345, 13, '7.1', 'debe determinar los registros que sean necesarios para proporcionar evidencia de que los procesos de realizaci?n y el producto resultante cumplen los requisitos (v?ase 4.2.4).'),
(346, 13, '7.1', 'debe presentarse de forma adecuada para la metodolog?a de operaci?n de la organizaci'),
(347, 14, '7.2.1', 'debe determinar: los requisitos especificados por el cliente, incluyendo los requisitos para las actividades de entrega y las posteriores a la misma,'),
(348, 14, '7.2.1', 'debe determinar:) los requisitos no establecidos por el cliente pero necesarios para el uso especificado o para el uso previsto, cuando sea conocido,'),
(349, 14, '7.2.1', 'debe determinar:  los requisitos legales y reglamentarios aplicables al producto'),
(350, 14, '7.2.1', 'debe determinar: cualquier requisito adicional que la organizaci?n considere necesario'),
(351, 14, '7.2.2', ' debe revisar los requisitos relacionados con el producto. '),
(352, 14, '7.2.2', 'debe efectuarse antes de que la organizaci?n se comprometa a proporcionar un producto al cliente (por ejemplo, env?o de ofertas, aceptaci?n de contratos o pedidos, aceptaci?n de cambios en los contratos o pedidos '),
(353, 14, '7.2.2', ' debe asegurarse de que:  est?n definidos los requisitos del producto,'),
(354, 14, '7.2.2', 'debe asegurarse de que:   est?n resueltas  las diferencias existentes entre los requisitos del contrato o pedido y los expresados previamente '),
(355, 14, '7.2.2', 'debe asegurarse que  la organizaci?n tienen la capacidad para cumplir con los requisitos definidos.'),
(356, 14, '7.2.2', 'Debe mantenerse registros de los resultados de la revisi?n y de las acciones originadas por la misma (v?ase 4.2.4).'),
(357, 14, '7.2.2', 'debe confirmar los requisitos del cliente antes de la aceptaci?n. Cuando se cambien los requisitos del producto, la organizaci'),
(358, 14, '7.2.2', 'debe asegurarse de que la documentaci?n pertinente sea modificada y de que el personal correspondiente sea consciente de los requisitos modificados.'),
(359, 15, '7.2.3', 'debe determinar e implementar disposiciones eficaces para la comunicaci?n con los clientes, relativas a: la informaci?n sobre el producto'),
(360, 15, '7.2.3', 'debe de determinar  las consultas, contratos o atenci?n de pedidos, incluyendo las modificaciones, y la retroalimentaci?n del cliente, incluyendo sus quejas'),
(361, 15, '7.3.1', 'debe planificar y controlar el dise?o y desarrollo del producto Durante la planificaci?n del dise?o y desarrollo la organizaci'),
(362, 15, '7.3.1', 'debe determinar:  las etapas del dise?o y desarrollo'),
(363, 15, '7.3,1', 'debe determinar:  la revisi?n, verificaci?n y validaci?n, apropiadas para cada etapa del dise?o y desarrollo,  '),
(364, 15, '7.3.1', 'debe determinar las responsabilidades y autoridades para el dise?o y desarrollo'),
(365, 15, '7.3.1', 'debe gestionar las interfaces entre los diferentes grupos involucrados en el dise?o y desarrollo para asegurarse de una comunicaci?n eficaz y una clara asignaci?n de responsabilidades.'),
(366, 15, '7.3.1', 'deben actualizarse, seg?n sea apropiado a, medida que progresa el dise?o y desarrollo.'),
(367, 15, '7.3.2', 'Deben determinarse los elementos de entrada relacionados con los requisitos del producto y mantenerse registros (v?ase 4.2.4). Estos elementos de entrada '),
(368, 15, '7.3.2', 'Deben  incluir  los requisitos funcionales y de desempe?o, '),
(369, 15, '7.3.2', 'debe incluir  los requisitos legales y reglamentarios aplicable'),
(370, 15, '7.3.2', 'debe incluir la informaci?n proveniente de dise?os previos similares, cuando sea aplicable'),
(371, 15, '7.3.2', ' debe incluir cualquier otro requisito esencial para el dise?o y desarrollo'),
(372, 15, '7.3.2', 'deben revisarse para comprobar que sean adecuados. Los requisitos '),
(373, 15, '7.3.2', 'deben estar completos, sin ambig?edades '),
(374, 15, '7.3.2', 'deben ser contradictorios.'),
(375, 15, '7.3.3', 'deben proporcionarse de manera adecuada para la verificaci?n respecto a los elementos de entrada para el dise?o y desarrollo'),
(376, 15, '7.3.3.', 'deben aprobarse antes de su liberaci?n.los resultado del dise?o y desarrollo'),
(377, 15, '7.3.3', 'debe ? cumplir los requisitos de los elementos de entrada para el dise?o y desarrollo,'),
(378, 15, '7.3.3', ' debe  proporcionar informaci?n apropiada para la compra, la producci?n y la prestaci?n del servicio,'),
(379, 15, '7.3.3', 'debe contener o hacer referencia a los criterios de aceptaci?n del producto'),
(380, 15, '7.3.3', 'debe especificar las caracter?sticas del producto que son esenciales para el uso seguro y correcto'),
(381, 15, '7.3.4', ' debes realizarse revisiones sistem?ticas del dise?o y desarrollo de acuerdo con lo planificado (v?ase 7.3.1) para:a) evaluar la capacidad de los resultados de dise?o y desarrollo para cumplir los requisitos,'),
(382, 15, '7.3.4', 'debe identificar cualquier problema y proponer las acciones necesarias'),
(383, 15, '7.3.4', 'debe revisiones deben incluir representantes de las funciones relacionadas con la(s) etapa(s) de dise?o y desarrollo que se est?(n) revisando'),
(384, 15, '7.3.4', '. Deben mantenerse registros de los resultados de las revisiones y de cualquier acci?n necesaria (v?ase 4.2.4).'),
(385, 15, '7.3.5', ' debe realizar la verificaci?n, de acuerdo con lo planificado (v?ase 7.3.1), para asegurarse de que los resultados del dise?o y desarrollo cumplen los requisitos de los elementos de entrada del dise?o y desarrollo. '),
(386, 15, '7.3.5', 'Deben mantenerse registros de los resultados de la verificaci?n y de cualquier acci?n que sea necesaria (v?ase 4.2.4).'),
(387, 15, '7.3.6', 'debe realizar la validaci?n del dise?o y desarrollo de acuerdo con lo planificado (v?ase 7.3.1) para asegurarse de que el producto resultante es capaz de satisfacer los requisitos para su aplicaci?n especificada o uso previsto, cuando sea conocido. Siempre que sea factible, la validaci?n debe completarse antes de la entrega o implementaci?n del producto'),
(388, 15, '7.3.6', 'Deben mantenerse registros de los resultados de la validaci?n y de cualquier acci?n que sea necesaria (v?ase 4.2.4).'),
(389, 15, '7.3.7', 'deben identificarse '),
(390, 15, '7.3.7', ' deben mantenerse registros. Los cambios '),
(391, 15, '7.3.7', 'revisarse, verificarse y validarse, seg?n sea apropiado, y aprobarse antes de su implementaci?n. La revisi?n de los cambios del dise?o y desarrollo '),
(392, 15, '7.3.7', 'debe incluir la evaluaci?n del efecto de los cambios en las partes constitutivas y en el producto ya entregado.'),
(393, 15, '7.3.7', 'Deben mantenerse registros de los resultados de la revisi?n de los cambios y de cualquier acci?n que sean necesaria (v?ase 4.2.4).'),
(394, 16, '7.4.1', 'debe asegurarse de que el producto adquirido cumple los requisitos de compra especificados. El tipo y el grado del control aplicado al proveedor y al producto adquirido '),
(395, 16, '7.4.1', 'debe depender el impacto del producto adquirido en la posterior realizaci?n del producto o sobre el producto final'),
(396, 16, '7.4.1', 'debe evaluar y seleccionar los proveedores en funci?n de su capacidad para suministrar productos de acuerdo con los requisitos'),
(397, 16, '7.4.1', '. Deben establecerse los criterios para la selecci?n, la evaluaci?n y la re-evaluaci?n. '),
(398, 16, '7.4.1', 'Deben mantenerse los registros de los resultados de las evaluaciones y de cualquier acci?n necesaria que se derive de las mismas (v?ase 4.2.4).'),
(399, 16, '7.4.2', ' debe describir el producto a comprar, incluyendo, cuando sea apropiado:'),
(400, 16, '7.4.2', 'debe describir ? los requisitos para la aprobaci?n del producto, procedimientos, procesos y equipos,'),
(401, 16, '7.4.2', 'debe describir los requisitos para la calificaci?n del personal'),
(402, 16, '7.4.2', 'debe describir  los requisitos del sistema de gesti?n de la calidad.'),
(403, 16, '7.4.2', 'debe asegurarse de la adecuaci?n de los requisitos de compra especificados antes de comunic?rselos al proveedor'),
(404, 16, '7.4.3', 'debe establecer e implementar la inspecci?n y otras actividades necesarias para asegurarse de que el producto comprado cumple los requisitos de compra especificados'),
(405, 16, '7.4.3', 'debe establecer en la informaci?n de compra las disposiciones para la verificaci?n pretendida y el m?todo para la liberaci?n del producto'),
(406, 16, '7.4.3', 'debe establecer e implementar la inspecci?n y otras actividades necesarias para asegurarse de que el producto comprado cumple los requisitos de compra especificados.'),
(407, 16, '7.4.3', 'debe establecer en la informaci?n de compra las disposiciones para la verificaci?n pretendida y el m?todo para la liberaci?n del producto'),
(408, 17, '7.5.1', 'debe planificar y llevar a cabo la producci?n y la presentaci?n del servicio bajo condiciones controladas. Las condiciones controladas '),
(409, 17, '7.5.1', 'deben incluir, cuando sea aplicable  la disponibilidad de informaci?n que describa las caracter?sticas del producto,'),
(410, 17, '7.5.1', 'deben incluir las disponibilidad de instrucciones de trabajo, cuando sea necesario'),
(411, 17, '7.5.1', 'deben incluir el uso del equipo apropiado'),
(412, 17, '7.5.1', 'deben incluir la disponibilidad y uso de equipos de seguimiento y medici'),
(413, 17, '7.5.1', 'deben incluir la implementaci?n del seguimiento y de la medici'),
(414, 17, '7.5.1', 'debe incluir? la implementaci?n de actividades de liberaci?n, entrega y posteriores a la entrega del producto.'),
(415, 17, '7.5.2', 'debe validad todo proceso de producci?n y de prestaci?n del servici? cuando los productos resultantes no pueden verificarse mediante seguimiento o medici?n posteriores y, como consecuencia, las deficiencias aparecen ?nicamente despu?s de que el producto est? siendo utilizado o sea haya prestado el servicio'),
(416, 17, '7.5.2', 'debe demostrar la capacidad de estos procesos para alcanzar los resultados planificados'),
(417, 17, '7.5.2', 'debe establecer las disposiciones para estos procesos, incluyendo, cuando sea aplicable'),
(418, 17, '7.5.2', 'debe establecer?? los criterios definidos para la revisi?n y aprobaci?n de los procesos,'),
(419, 17, '7.5.2', 'debe establecer la aprobaci?n de los equipos y la calificaci?n del personal'),
(420, 17, '7.5.2', 'debe establecer el uso de m?todos y procedimientos espec?ficos'),
(421, 17, '7.5.2', 'debe establecer los requisitos de los registros (v?ase 4.2.4'),
(422, 17, '7.5.2', 'debe establecer?? la revalidaci'),
(423, 17, '7.5.3', 'debe identificar el producto por medios adecuados, a trav?s de toda la realizaci?n del producto.'),
(424, 17, '7.5.3', 'debe identificar el estado del producto con respecto a los requisitos de seguimiento y medici?n a trav?s de toda la realizaci?n del producto'),
(425, 17, '7.5.3', 'debe controlar la identificaci?n ?nica del producto y mantener registros (v?ase 4.2.4).'),
(426, 17, '7.5.4', 'debe cuidar los bienes que son propiedad del cliente mientras est?n bajo el control de la organizaci?n o est?n siendo utilizados por la misma'),
(427, 17, '7.5.4', 'debe identificar, verificar, proteger y salvaguardar los bienes que son propiedad del cliente suministrados para su utilizaci?n o incorporaci?n dentro del producto. Si cualquier bien que sea propiedad del cliente se pierde, deteriora o de alg?n otro modo se considera inadecuado para su uso, la organizaci'),
(428, 17, '7.5.4', 'debe informar de ello al cliente y mantener registros (v?ase 4.2.4).'),
(429, 17, '7.5.5', 'debe preservar el producto durante el proceso interno y la entrega al destino previsto para mantener la conformidad con los requisitos. Seg?n sea aplicable, la preservaci'),
(430, 17, '7.5.5', 'debe incluir la identificaci?n, manipulaci?n, embalaje, almacenamiento y protecci?n. La preservaci'),
(431, 17, '7.5.5', 'debe aplicarse tambi?n a las partes constitutivas de un producto.'),
(432, 18, '7.6', 'debe determinar el seguimiento y la medici?n a realizar y los equipos de seguimiento y medici?n necesarios para proporcionar la evidencia de la conformidad del producto con los requisitos determinados.'),
(433, 18, '7.6', 'debe establecer procesos para asegurarse de que el seguimiento y medici?n pueden realizarse y se realizan de una manera coherente con los requisitos de seguimiento y medici'),
(434, 18, '7.6', 'debe calibrarse o verificarse, o ambos, a intervalos especificados o antes de su utilizaci?n, comparado con patrones de medici?n trazables a patrones de medici?n internacionales o nacionales; cuando no existan tales patrones '),
(435, 18, '7.6', 'debe? registrarse la base utilizada para la calibraci?n o la verificaci?n (v?ase 4.2.4);'),
(436, 18, '7.6', 'debe ajustarse o reajustarse seg?n sea necesario;'),
(437, 18, '7.6', 'debe ? estar identificado para poder determinar su estado de calibraci'),
(438, 18, '7.6', 'debe protegerse contra ajustes que pudieran invalidar el resultado de la medici'),
(439, 18, '7.6', 'protegerse contra los da?os y el deterioro durante la manipulaci?n, el mantenimiento y el almacenamiento'),
(440, 18, '7.6', 'debe evaluar y registrar la validez de los resultados de las mediciones anteriores cuando se detecte que el equipo no est? conforme con los requisitos'),
(441, 18, '7.6', 'debe tomar las acciones apropiadas sobre el equipo y sobre cualquier producto afectado.'),
(442, 18, '7.6', 'Deben mantenerse registros de los resultados de la calibraci?n y la verificaci?n (v?ase 4.2.4).'),
(443, 18, '7.6', 'Debe confirmarse la capacidad de los programas inform?ticos para satisfacer su aplicaci?n prevista cuando estos se utilicen en las actividades de seguimiento y medici?n de los requisitos especificados'),
(444, 18, '7.6', 'debe levarse a cabo antes de iniciar su utilizaci?n y confirmarse de nuevo cuando sea necesario'),
(445, 19, '8.1', 'debe planificar e implementar los procesos de seguimiento, medici?n, an?lisis y mejora necesarios para:a) demostrar la conformidad con los requisitos del producto'),
(446, 19, '8.1', 'debe asegurarse de la conformidad del sistema de gesti?n de la calidad'),
(447, 19, '8.1', 'debe mejorar continuamente la eficacia del sistema de gesti?n de la calidad'),
(448, 19, '8.1', 'debe comprender la determinaci?n de los m?todos aplicables, incluyendo las t?cnicas estad?sticas, y el alcance de utilizaci'),
(449, 21, '8.2.1', 'debe realizar el seguimiento de la informaci?n relativa a la percepci?n del cliente con respecto al cumplimiento de sus requisitos por parte de la organizaci'),
(450, 21, '8.2.1', 'Deben determinarse los m?todos para obtener y utilizar dicha informaci'),
(451, 22, '8.2.2', 'debe llevar a cabo auditor?as internas a intervalos planificados para determinar si el sistema de gesti?n de la calidad:a) es conforme con las disposiciones planificadas (v?ase 7.1), con los requisitos de esta Norma Internacional y con los requisitos del sistema de gesti?n de la calidad establecidos por la organizaci'),
(452, 22, '8.2.2', 'debe llevar a cabo auditor?as internas a intervalos planificados para determinar si el sistema de gesti?n de la calidad  se ha implementado y se mantiene de manera eficaz'),
(453, 22, '8.2.2', 'debe planificar un programa de auditor?as tomando en consideraci?n el estado y la importancia de los procesos y las ?reas a auditar, as? como los resultados de auditor?as previas'),
(454, 22, '8.2.2', 'deben definir los criterios de auditor?a, el alcance de la misma, su frecuencia y la metodolog?a. La selecci?n de los auditores y la realizaci?n de las auditor?as '),
(455, 22, '8.2.2', 'deben asegurar la objetividad e imparcialidad del proceso de auditor?a. Los auditores no'),
(456, 22, '8.2.2', 'deben auditar su propio trabajo'),
(457, 22, '8.2.2', ' debe establecer un procedimiento documentado para definir las responsabilidades y los requisitos para planificar y realizar las auditor?as, establecer los registros e informar de los resultados'),
(458, 22, '8.2.2', 'Deben mantenerse registros de las auditorias y de sus resultados (v?ase 4.2.4).'),
(459, 22, '8.2.2', 'debe asegurarse de que se realizan las correcciones y se toman las acciones correctivas necesarias sin demora injustificada para eliminar las no conformidades detectadas y sus causas. Las actividades de seguimiento '),
(460, 22, '8.2.2', 'deben incluir la verificaci?n de las acciones tomadas y el informe de los resultados de la verificaci?n (v?ase 8.5.2).'),
(461, 23, '8.2.3', 'debe aplicar m?todos apropiados para el seguimiento, y cuando sea aplicable, la medici?n de los procesos del sistema de gesti?n de la calidad. Estos m?todos '),
(462, 23, '8.2.3', 'deben demostrar la capacidad de los procesos para alcanzar los resultados planificados. Cuando no se alcancen los resultados planificados'),
(463, 23, '8.2.3', 'deben llevarse a cabos correcciones y acciones correctivas, seg?n sea conveniente'),
(464, 24, '8.2.4', 'debe hacer el seguimiento y medir las caracter?sticas del producto para verificar que se cumplen los requisitos del mismo'),
(465, 24, '8.2.4', 'debe realizarse en las etapas apropiadas del proceso de realizaci?n del producto de acuerdo con las disposiciones planificadas (v?ase 7.1). '),
(466, 24, '8.2.4', 'debe mantener evidencia de la conformidad con los criterios de aceptaci?n. '),
(467, 24, '8.2.4', 'deben indicar la(s) persona(s) que autoriza(n) la liberaci?n del producto al cliente (v?ase 4.2.4).'),
(468, 24, '8.2.4', 'deben llevarse a cabo hasta que se hayan completado satisfactoriamente las disposiciones planificadas (v?ase 7.1), a menos que sean aprobados de otra manera por una autoridad pertinente y, cuando corresponda, por el cliente.'),
(469, 25, '8.3', 'debe asegurarse de que el producto que no sea conforme con los requisitos del producto, se identifica y controla para prevenir su uso o entrega no intencionados'),
(470, 25, '8.3', 'debe establecer un procedimiento documentado para definir los controles y las responsabilidades y autoridades para tratar el producto no conforme.'),
(471, 25, '8.3', 'debe tratar los productos no conformes mediante una o m?s de las siguientes maneras:  tomando acciones para eliminar la no conformidad detectada;'),
(472, 25, '8.3', 'debe  autorizando su uso, liberaci?n o aceptaci?n bajo concesi?n por una autoridad pertinente y, cuando sea aplicable, por el cliente;'),
(473, 25, '8.3', 'debe tratar los productos? tomando acciones para impedir su uso o aplicaci?n prevista originalmente;'),
(474, 25, '8.3', 'debe tratar los productos??? tomando acciones apropiadas a los efectos, reales o potenciales, de la no conformidad cuando se detecta un producto no conforme despu?s de su entrega o cuando ya ha comenzado su uso.'),
(475, 25, '8.3', 'debe someterse a una nueva verificaci?n para demostrar su conformidad con los requisitos.'),
(476, 25, '8.3', 'deben mantener registros (v?ase 4.2.4) de la naturaleza de las no conformidades y de cualquier acci?n tomada posteriormente, incluyendo las concesiones que se hayan obtenido'),
(477, 26, '8.4', 'debe determinar, recopilar y analizar los datos apropiados para demostrar la idoneidad y la eficacia del sistema de gesti?n de la calidad para evaluar d?nde puede realizarse la mejora continua de la eficacia del sistema de gesti?n de la calidad'),
(478, 26, '8.4', 'debe incluir los datos generados del resultado del seguimiento y medici?n y de cualesquiera otras fuentes pertinentes'),
(479, 26, '8.4', 'debe proporcionar informaci?n sobre  la satisfacci?n del cliente (v?ase 8.2.1),'),
(480, 26, '8.4', 'debe proporcionar informaci?n sobre  la conformidad con los requisitos del producto (v?ase 8.2.4)'),
(481, 26, '8.4', 'debe proporcionar informaci?n sobre c) las caracter?sticas y tendencias de los procesos y de los productos, incluyendo las oportunidades para llevar a cabo acciones preventivas (v?ase 8.2.3 y 8.2.4)'),
(482, 26, '8.4', 'debe proporcionar informaci?n sobre  los proveedores (v?ase 7.4).'),
(483, 28, '8.5.1', 'debe mejorar continuamente la eficacia del sistema de gesti?n de la calidad mediante el uso de la pol?tica de la calidad, los objetivos de la calidad, los resultados de las auditor?as, el an?lisis de datos, las acciones correctivas y preventivas y la revisi?n por la direcci'),
(484, 28, '8.5.1', 'debe tomar acciones para eliminar las causas de las no conformidades con objeto de prevenir que vuelvan a ocurrir. Las acciones correctivas '),
(485, 28, '8.5.1', 'deben ser apropiadas a los efectos de las no conformidades encontradas.'),
(486, 28, '8.5.1', 'Debe establecerse un procedimiento documentado para definir los requisitos para:  revisar las no conformidades (incluyendo las quejas de los clientes),'),
(487, 28, '8.5.1', 'debe determinar las causas de las no conformidades'),
(488, 28, '8.5.1', 'debe evaluar la necesidad de adoptar acciones para asegurarse de que las no conformidades no vuelvan a ocurrir'),
(489, 28, '8.5.1', 'debe determinar e implementar las acciones necesarias'),
(490, 28, '8.5.1', 'debe registrar los resultados de las acciones tomadas (v?ase 4.2.4), '),
(491, 28, '8.5.1', 'debe revisar la eficacia de las acciones correctivas tomadas'),
(492, 29, '8.5.2', 'debe tomar acciones para eliminar las causas de las no conformidades con objeto de prevenir que vuelvan a ocurrir. Las acciones correctivas '),
(493, 29, '8.5.2', 'deben ser apropiadas a los efectos de las no conformidades encontradas.'),
(494, 29, '8.5.2', 'Debe establecerse un procedimiento documentado para definir los requisitos'),
(495, 29, '8.5.2', 'debe?? revisar las no conformidades (incluyendo las quejas de los clientes),'),
(496, 29, '8.5.2', 'debe determinar las causas de las no conformidades'),
(497, 29, '8.5.2', 'debe? evaluar la necesidad de adoptar acciones para asegurarse de que las no conformidades no vuelvan a ocurrir,'),
(498, 29, '8.5.2', 'debe determinar e implementar las acciones necesarias'),
(499, 29, '8.5.2', 'registrar los resultados de las acciones tomadas (v?ase 4.2.4'),
(500, 29, '8.5.2', 'revisar la eficacia de las acciones correctivas to'),
(501, 30, '8.5.3', 'debe determinar acciones para eliminar las causas de no conformidades potenciales para prevenir su ocurrencia. Las acciones preventivas '),
(502, 30, '8.5.3', 'deben ser apropiadas a los efectos de los problemas potenciales.'),
(503, 30, '8.5.3', 'Debe establecerse un procedimiento documentado para definir los requisitos '),
(504, 30, '8.5.3', 'debeDeterminar las no conformidades potenciales y sus causas'),
(505, 30, '8.5.3', 'debe Evaluar la necesidad de actuar para prevenir la ocurrencia de no conformidades'),
(506, 30, '8.5.3', 'debeDeterminar e implementar las acciones necesarias'),
(507, 30, '8.5.3', 'debe Registrar los resultados de las acciones tomadas (v?ase 4.2.4), '),
(508, 30, '8.5.3', 'debe Revisar la eficacia de las acciones preventivas tomadas'),
(509, 93, '4.1', 'debe determinar las cuestiones externas e internas'),
(510, 93, '4.1', 'debe realizar el seguimiento y la revisi'),
(511, 94, '4.2', 'debe determinar las partes interesadas que son pertinentes'),
(512, 94, '4.2', 'debe determinar los requisitos pertinentes de estas partes interesadas'),
(513, 94, '4.2', 'debe realizar el seguimiento y la revisi'),
(514, 95, '4.3', 'debe determinar los l?mites y la aplicabilidad del SG'),
(515, 95, '4.3', 'debe considerar las cuestiones externas e internas'),
(516, 95, '4.3', 'debe considerar los requisitos de las partes interesadas'),
(517, 95, '4.3', 'debe considerar los productos y servicios de la organizaci'),
(518, 95, '4.3', 'debe aplicar todos los requisitos d? est? Norma Internacional'),
(519, 95, '4.3', 'debe establecer los tipos de productos y servicios cubiertos,'),
(520, 0, '4.4.1', 'debe establecer, implementar, mantener y mejorar continuamente'),
(521, 0, '4.4.1', 'debe determinar los procesos necesarios'),
(522, 0, '4.4.1', 'debe determinar las entradas requeridas y las salidas esperadas de estos procesos'),
(523, 0, '4.4.1', 'debe determinar la secuencia e interacci'),
(524, 0, '4.4.1', 'debe determinar y aplicar los criterios y los m?todos'),
(525, 0, '4.4.1', 'debe determinar los recursos necesarios'),
(526, 0, '4.4.1', 'debe asignar las responsabilidades y autoridades'),
(527, 0, '4.4.1', 'debe abordar los riesgos y oportunidades'),
(528, 0, '4.4.1', 'debe evaluar estos procesos e implementar cualquier cambio'),
(529, 0, '4.4.1', 'debe mejorar los procesos y el sistema de gesti?n de la calidad'),
(530, 0, '4.4.2', 'debe mantener informaci?n documentada'),
(531, 0, '4.4.2', 'debe conservar la informaci?n documentada'),
(532, 97, '5.1.1', 'debe demostrar liderazgo y compromiso con respecto al sistema de gesti?n de la calidad'),
(533, 97, '5.1.1', 'debe demostrar liderazgo y compromiso asumiendo la responsabilidad y obligaci?n de rendir cuentas con relaci?n a la eficacia del sistema de gesti?n de la calidad'),
(534, 97, '5.1.1', 'debe demostrar liderazgo y compromiso asegur?ndose de que se establezcan la pol?tica de la calidad y los objetivos de la calidad para el sistema de gesti?n de la calidad, y que ?stos sean compatibles con el contexto y la direcci?n estrat?gica de la organizaci'),
(535, 97, '5.1.1', 'debe mostrar liderazgo y compromiso asegur?ndose de la integraci?n de los requisitos del sistema de gesti?n de la calidad en los procesos de negocio de la organizaci'),
(536, 97, '5.1.1', 'debe demostrar liderazgo y compromiso promoviendo el uso del enfoque a procesos y el pensamiento basado en riesgos;'),
(537, 97, '5.1.1', 'debe demostrar liderazgo y compromiso asegur?ndose de que los recursos necesarios para el sistema de gesti?n de la calidad est?n disponibles;'),
(538, 97, '5.1.1', 'debe demostrar liderazgo y compromiso comunicando la importancia de una gesti?n de la calidad eficaz y conforme con los requisitos del sistema de gesti?n de la calidad;'),
(539, 97, '5.1.1', 'debe demostrar liderazgo y compromiso asegur?ndose de que el sistema de gesti?n de la calidad logre los resultados previstos;'),
(540, 97, '5.1.1', 'debe demostrar liderazgo y compromiso  comprometiendo, dirigiendo y apoyando a las personas, para contribuir a la eficacia del sistema de gesti?n de la calidad;'),
(541, 97, '5.1.1', 'debe demostrar liderazgo y compromiso  promoviendo la mejora;'),
(542, 97, '5.1.1', 'debe demostrar liderazgo y compromiso  apoyando otros roles pertinentes de la direcci?n, para demostrar su liderazgo en la forma en la que aplique a sus ?reas de responsabilidad.'),
(543, 98, '5.1.2', ' debe demostrar liderazgo y compromiso con respecto al enfoque al cliente asegur?ndose de que: se determinan, se comprenden y se cumplen regularmente los requisitos del cliente y los legales y reglamentarios aplicables;'),
(544, 98, '5.1.2', 'debe demostrar liderazgo y compromiso con respecto al enfoque al cliente asegur?ndose de que: se determinan y se consideran los riesgos y oportunidades que pueden afectar a la conformidad de los productos y servicios y a la capacidad de aumentar la satisfacci?n del cliente;'),
(545, 98, '5.1.2', ' debe demostrar liderazgo y compromiso con respecto al enfoque al cliente asegur?ndose de que :se mantiene el enfoque en el aumento de la satisfacci?n del cliente.'),
(546, 98, '5.2.1', 'debe establecer, implementar y mantener una pol?tica de la calidad que: sea apropiada al prop?sito y contexto de la organizaci?n y apoye su direcci?n estrat?gica;'),
(547, 98, '5.2.1', 'debe establecer, implementar y mantener una pol?tica de la calidad que: proporcione un marco de referencia para el establecimiento de los objetivos de la calidad;'),
(548, 98, '5.2.1', 'debe establecer, implementar y mantener una pol?tica de la calidad que: incluya un compromiso de cumplir los requisitos aplicables;'),
(549, 98, '5.2.1', 'debe establecer, implementar y mantener una pol?tica de la calidad que: incluya un compromiso de mejora continua del sistema de gesti?n de la calidad.'),
(550, 101, '5.2.2', 'debe estar disponible y mantenerse como informaci?n documentada;'),
(551, 101, '5.2.2', 'debe comunicarse, entenderse y aplicarse dentro de la organizaci'),
(552, 101, '5.2.2', 'debe estar disponible para las partes interesadas pertinentes; seg?n corresponda.'),
(553, 102, '5.3', 'debe asegurarse de que las responsabilidades y autoridades para los roles pertinentes se asignen, se comuniquen y se entiendan en toda la organizaci'),
(554, 102, '5.3', 'debe asignar la responsabilidad y autoridad para: asegurarse de que el sistema de gesti?n de la calidad es conforme con los requisitos de esta Norma Internacional;'),
(555, 102, '5.3', 'debe asignar la responsabilidad y autoridad para: asegurarse de que los procesos est?n generando y proporcionando las salidas previstas;'),
(556, 102, '5.3', 'debe asignar la responsabilidad y autoridad para: informar, en particular, a la alta direcci?n sobre el desempe?o del sistema de gesti?n de la calidad y sobre las oportunidades de mejora (v?ase 10.1):'),
(557, 102, '5.3', 'debe asignar la responsabilidad y autoridad para: asegurarse de que se promueve el enfoque al cliente en toda la organizaci'),
(558, 102, '5.3', 'debe asignar la responsabilidad y autoridad para: asegurarse de que la integridad del sistema de gesti?n de la calidad se mantiene cuando se planifican e implementan cambios en el sistema de gesti?n de la calidad.'),
(559, 103, '6.1.1', 'debe considerar las cuestiones referidas en el apartado 4.1 y los requisitos referidos en el apartado 4.2, y determinar los riesgos y oportunidades que es necesario abordar con el fin de: asegurar que el sistema de gesti?n de la calidad pueda lograr sus resultados previstos;'),
(560, 103, '6.1.1', 'debe aumentar los efectos deseables;'),
(561, 103, '6.1.1', 'debe prevenir o reducir efectos no deseados;'),
(562, 103, '6.1.1', 'debe lograr la mejora'),
(563, 103, '6.1.2', 'debe planificar: las acciones para abordar estos riesgos y oportunidades;'),
(564, 103, '6.1.2', ' debe planificar: la manera de: integrar e implementar las acciones en sus procesos del sistema de gesti?n de la calidad (v?ase 4,4.);'),
(565, 103, '6.1.2', 'debe planificar: evaluar la eficacia de estas acciones.'),
(566, 103, '6.1.2', 'deben ser proporcionales al impacto potencial en la conformidad de los productos y los servicios.'),
(567, 104, '6.2.1', ' debe establecer objetivos de la calidad para las funciones y niveles pertinentes y los procesos necesarios para el sistema de gesti?n de la calidad.'),
(568, 104, '6.2.1', 'debe ser coherentes con la pol?tica de la calidad;'),
(569, 104, '6.2.1', 'debe ser medibles;'),
(570, 104, '6.2.1', 'debe tener en cuenta los requisitos aplicables;'),
(571, 104, '6.2.1', 'debe ser pertinentes para la conformidad de los productos y servicios y para el aumento de la satisfacci?n del cliente;'),
(572, 104, '6.2.1', 'debe ser objeto de seguimiento;'),
(573, 104, '6.2.1', 'debe comunicarse;'),
(574, 104, '6.2.1', 'debe actualizarse, Seg?n corresponda'),
(575, 104, '6.2.1', 'debe mantener informaci?n documentada sobre los objetivos de la calidad.'),
(576, 104, '6.2.2', 'Al planificar c?mo lograr sus objetivos de la calidad, la organizaci?n debe determinar: qu? s? va a hacer;'),
(577, 104, '6.2.2', 'debe determinar: qu? recursos se requerir?n;'),
(578, 104, '6.2.2', 'debe determinar: qui?n ser? responsable;'),
(579, 104, '6.2.2', 'debe determinar: cu?ndo se finalizar'),
(580, 104, '6.2.2', 'debe determinar:  c?mo se evaluar?n los resultados'),
(581, 105, '6.3', 'deben llevar a cabo de manera planificada (v?ase 4.4).'),
(582, 105, '6.3', 'debe considerar: el prop?sito de los cambios y sus consecuencias potenciales;'),
(583, 105, '6.3', 'debe considerar: la integridad del sistema de gesti?n de la calidad;'),
(584, 105, '6.3', 'debe considerar: la disponibilidad de recursos;'),
(585, 105, '6.3', 'debe considerar:  la asignaci?n o reasignaci?n de responsabilidades y autoridades.'),
(586, 107, '7.1.1', 'debe determinar y proporcionar los recursos-necesarios para el establecimiento, implementaci?n, mantenimiento y mejora continua del sistema de gesti?n de la calidad.'),
(587, 107, '7.1.1', 'La organizaci?n debe considerar: las capacidades y limitaciones de los recursos internos existentes;'),
(588, 107, '7.1.1', 'La organizaci?n debe considerar: qu? se necesita obtener de los proveedores externos.'),
(589, 108, '7.1.2', 'debe determinar y proporcionar la organizaci?n de  las personas necesarias para la implementaci?n eficaz de su sistema de gesti?n de la calidad y para la operaci?n y control de sus procesos.'),
(590, 110, '7.1.4', 'La organizaci?n debe determinar, proporcionar y mantener el ambiente necesario para la operaci?n de sus procesos y para lograr la conformidad de los productos y servicios.'),
(591, 112, '7.1.5.1', 'debe determinar y proporcionarlos recursos necesarios para asegurarse de la validez y fiabilidad de los resultados cuando se realice el seguimiento o la medici?n para verificar la conformidad de los productos y servicios con los requisitos.'),
(592, 112, '7.1.5.1', 'debe asegurarse de que los recursos proporcionados: son apropiados para el tipo espec?fico de actividades de seguimiento y medici?n realizadas;'),
(593, 112, '7.1.5.1', 'debe asegurarse de que los recursos proporcionados: se mantienen para asegurarse de la idoneidad continua para su prop?sito.'),
(594, 112, '7.1.5.1', 'debe conservar la informaci?n documentada apropiada como evidencia de que los recursos de seguimiento y medici?n son id?neos para su prop?sito.'),
(595, 0, '7.1.5.2', 'debe calibrarse o verificarse, o ambas, a intervalos especificados, o antes de su utilizaci?n, contra patrones de medici?n trazables a patrones de medici?n internacionales o nacionales; cuando no existan tales patrones, debe conservarse como informaci?n documentada la base utilizada para la calibraci?n o la verificaci'),
(596, 0, '7.1.5.2', 'debe identificarse para determinar su estado;'),
(597, 0, '7.1.5.2', 'debe protegerse contra ajustes, da?o o deterioro que pudieran invalidar el estado de calibraci?n y los posteriores resultados de la medici'),
(598, 0, '7.1.5.2', 'debe determinar si la validez de los resultados de medici?n previos se ha visto afectada de manera adversa cuando el equipo de medici?n se considere no apto para su prop?sito previsto, '),
(599, 0, '7.1.5.2', 'debe tomar las acciones adecuadas cuando sea necesario.'),
(600, 113, '7.1.6', 'debe determinar los conocimientos necesarios para la operaci?n de sus procesos y para lograr la conformidad de los productos y servicios.'),
(601, 113, '7.1.6', 'deben mantenerse y ponerse a disposici?n en la medida en que sea necesario.'),
(602, 113, '7.1.6', 'debe considerar sus conocimientos Actuales y determinar c?mo adquirir o acceder a los conocimientos adicionales necesarias yolas actualizaciones requeridas.'),
(603, 114, '7.2', 'debe determinar la competencia necesaria de las personas que realizan, bajo su control, un trabajo que afecta al desempe?o y eficacia del sistema de gesti?n de la calidad;'),
(604, 114, '7.2', 'debe asegurarse de que estas personas sean competentes, bas?ndose en la educaci?n, formaci?n o experiencia apropiadas;'),
(605, 114, '7.2', ' cuando sea aplicable, tomar acciones para adquirir la competencia necesaria y evaluar la eficacia de las acciones tomadas;'),
(606, 114, '7.2', 'debe conservar la informaci?n documentada apropiada como evidencia de la competencia'),
(607, 115, '7.3', 'debe asegurarse de que las personas que realizan el trabajo bajo el control de la organizaci?n tomen conciencia de: de la politica '),
(608, 115, '7.3', 'debe asegurarse de que tomen conciencia de: los objetivos de la calidad pertinentes;'),
(609, 115, '7.3', 'debe asegurarse de que tomen conciencia de: su contribuci?n a la eficacia del sistema de gesti?n de la calidad, incluidos los beneficios de una mejora del desempe'),
(610, 115, '7.3', 'debe asegurarse de que tomen conciencia de: las implicaciones del incumplimiento de los requisitos del sistema de gesti?n de la calidad.'),
(611, 116, '7.4', 'debe determinar las comunicaciones internas y externas pertinentes al sistema de gesti?n de la calidad, que incluyan: que comunicar;'),
(612, 116, '7.4', 'debe determinar cu?ndo comunicar;'),
(613, 116, '7.4', 'debe determinar a qui?n comunicar;'),
(614, 116, '7.4', 'debe determinar c?mo comunicar;'),
(615, 116, '7.4', 'debe determinar  qui?n comunica.'),
(616, 118, '7.5.1', 'debe incluir: la informaci?n documentada requerida por esta Norma Internacional;'),
(617, 118, '7.5.1', 'debe incluir: la informaci?n documentada que la organizaci?n determina como necesaria para la eficacia del sistema de gesti?n de la calidad.'),
(618, 119, '7.5.2', 'debe asegurarse de que lo siguiente sea apropiado: la identificaci?n y descripci?n (por ejemplo, titulo, fecha, autor o n?mero de referencia);'),
(619, 119, '7.5.2', 'debe asegurarse de que lo siguiente sea apropiado:el formato (por ejemplo, idioma, versi?n del software, gr?ficos) y los medios de soporte (por ejemplo, papel, electr?nico);'),
(620, 119, '7.5.2', 'debe asegurarse de que lo siguiente sea apropiado: la revisi?n y aprobaci?n con respecto a la conveniencia y adecuaci'),
(621, 120, '7.5.3.1', 'debe controlar para asegurarse de que: est? disponible y sea id?nea para su uso, donde y cuando se necesite;'),
(622, 120, '7.5.3.1', 'debe controlar para asegurarse de que: est? protegida adecuadamente (por ejemplo, contra p?rdida de la confidencialidad, uso inadecuado o p?rdida de integridad).'),
(623, 120, '7.5.3.2', 'debe abordar las siguientes actividades, seg?n corresponda:'),
(624, 120, '7.5.3.2', 'distribuci?n, acceso, recuperaci?n y uso;'),
(625, 120, '7.5.3.2', 'almacenamiento y preservaci?n, incluida la preservaci?n de la legibilidad;'),
(626, 120, '7.5.3.2', 'control de cambios (por ejemplo, control de versi?n);'),
(627, 120, '7.5.3.2', 'conservaci?n y disposici'),
(628, 120, '7.5.3.2', 'debe identificar, seg?n sea apropiado, y controlar'),
(629, 120, '7.5.3.2', 'debe protegerse contra modificaciones no intencionadas.'),
(630, 121, '8.1', 'debe planificar, implementar y controlar los procesos (v?ase 4.4) necesarios para cumplir los requisitos para la provisi?n de productos y servicios, y para implementar las acciones determinadas en el cap?tulo 6 mediante:'),
(631, 121, '8.1', 'debe planificar la determinaci?n de los requisitos para los productos y servicios;'),
(632, 121, '', 'debe planificar el establecimiento de criterios para:los procesos;'),
(633, 121, '8.1', 'debe planificar la aceptaci?n de los productos y servicios;'),
(634, 121, '8.1', 'debe planificar la determinaci?n de los recursos necesarios para lograr la conformidad con los requisitos de los productos y servicios;'),
(635, 121, '8.1', 'debe planificarla implementaci?n del control de los procesos de acuerdo con los criterios;'),
(636, 121, '8.1', 'debe planificar la determinaci?n, el mantenimiento y la conservaci?n de la informaci?n documentada en la extensi?n necesaria para: tener confianza en que los procesos se han llevado a cabo seg?n lo planificado;'),
(637, 121, '8.1', 'debe planficar demostrar la conformidad de los productos y servicios con sus requisitos.'),
(638, 121, '8.1', 'debe ser adecuada para las operaciones de la organizaci'),
(639, 121, '8.1', 'debe controlar los cambios planificados y revisar las consecuencias de los cambios no previstos, tomando acciones para mitigar cualquier efecto adverso, seg?n sea necesario.'),
(640, 121, '8.1', 'debe asegurarse de que los procesos contratados externamente est?n controlados (v?ase8.4).'),
(641, 123, '8.2.1', 'debe proporcionar la informaci?n relativa a los productos y servicios;'),
(642, 123, '8.2.1', 'debe tratar las consultas, los contratos o los pedidos, incluyendo los cambios;'),
(643, 123, '8.2.1', 'debe obtener la retroalimentaci?n de los clientes relativa a los productos y servicios incluyendo las quejas de los clientes;'),
(644, 123, '8.2.1', 'debe manipular o controlar la propiedad del cliente'),
(645, 123, '8.2.1', 'debe establecer los requisitos espec?ficos para las acciones de contingencia, cuando sea pertinente.'),
(646, 124, '8.2.2', 'debe asegurarse de que: los requisitos para los productos y servicios se definen, incluyendo: cualquier requisito legal y reglamentario aplicable;'),
(647, 124, '8.2.2', 'debe asegurarse de que: aquellos considerados necesarios por la organizaci'),
(648, 125, '8.2.3.1', 'debe asegurarse de que: la organizaci?n puede cumplir con las declaraciones acerca de los productos y servicios que ofrece.'),
(649, 125, '8.2.3.1', 'debe asegurarse de que tiene la capacidad de cumplir los requisitos para los productos y servicios que se van a ofrecer a los clientes.');
INSERT INTO `debes` (`id`, `subnormaindice_id`, `numeral`, `descripcion`) VALUES
(650, 125, '8.2.3.1', 'debe llevar a cabo una revisi?n antes de comprometerse a suministrar productos y servicios a un cliente, para incluir: los requisitos especificados por el cliente, incluyendo los requisitos para las Actividades de entrega y las posteriores a la misma;'),
(651, 125, '8.2.3.1', 'debe llevar a cabo los requisitos no establecidos por el cliente, pero necesarios para el uso especificado o previsto, cuando sea conocido;'),
(652, 125, '8.2.3.1', 'debe llevar a cabo los requisitos especificados por la organizaci'),
(653, 125, '8.2.3.1', 'debe llevar a cabo  los requisitos legales y reglamentarios aplicables a los productos y servicios;'),
(654, 125, '8.2.3.1', 'debe llevar a cabo las diferencias existentes entre los requisitos del contrato o pedido y los expresados previamente.'),
(655, 125, '8.2.3.1', 'debe asegurarse de que se resuelven las diferencias existentes entre los requisitos del contrato o pedido y los expresados previamente.'),
(656, 125, '8.2.3.1', 'debe confirmar los requisitos del cliente antes de la aceptaci?n, cuando el cliente no proporcione una declaraci?n documentada de sus requisitos'),
(657, 125, '8.2.3.2', 'debe conservar- la informaci?n documentada, cuando sea aplicable:'),
(658, 125, '', 'sobre los resultados de la revisi'),
(659, 125, '8.2.3.2', 'debe conservar la informacion sobre cualquier requisito nuevo para los productos y servicios.'),
(660, 126, '8.2.4', 'debe asegurarse de que, cuando se cambien los requisitos para los productos y servicios, la informaci?n; documentada pertinente sea modificada, y de que las personas pertinentes sean conscientes de los requisitos modificados.'),
(661, 128, '8.3.1', 'debe establecer, implementar y mantener un proceso de dise?o y desarrollo que sea adecuado para asegurarse de la posterior provisi?n de productos y servicios.'),
(662, 129, '8.3.2', 'debe considerar: La naturaleza, duraci?n y complejidad de las actividades de dise?o y desarrollo;'),
(663, 129, '8.3.2', 'debe considerar: las etapas del proceso requeridas, incluyendo las revisiones del dise?o y desarrollo aplicables;'),
(664, 129, '8.3.2', 'debe considerar: las actividades requeridas de verificaci?n y validaci?n del dise?o y desarrollo;'),
(665, 129, '8.3.2', 'debe considerar: las responsabilidades y autoridades involucradas en el proceso de dise?o y desarrollo;'),
(666, 129, '8.3.2', 'debe considerar: las necesidades de recursos internos y externos para el dise?o y desarrollo de los productos y servicios;'),
(667, 129, '8.3.2', 'debe considerar: la necesidad de controlar las interfaces entre las personas que participan activamente en el proceso de dise?o y desarrollo;'),
(668, 129, '8.3.2', 'debe considerar: la necesidad de la participaci?n activa de los clientes y usuarios en el proceso de dise?o y desarrollo;'),
(669, 129, '8.3.2', 'debe considerar: los requisitos para la posterior provisi?n de productos y servicios;'),
(670, 129, '8.3.2', 'debe considerar: el nivel de control del proceso de dise?o y desarrollo esperado por los clientes y otras partes interesadas pertinentes;'),
(671, 129, '8.3.2', 'debe considerar: la informaci?n documentada necesaria para demostrar que se han cumplido los requisitos del dise?o y desarrollo.'),
(672, 130, '8.3.3', 'debe determinar los requisitos esenciales para los tipos espec?ficos de productos y servicios a dise?ar y desarrollar. '),
(673, 130, '8.3.3', 'debe considerar los requisitos funcionales y de desempe'),
(674, 130, '8.3.3', 'debe considerar la informaci?n proveniente de actividades previas de dise?o y desarrollo similares;'),
(675, 130, '8.3.3', 'debe considerarlos requisitos legales y reglamentarios;'),
(676, 130, '8.3.3', 'debe considerar normas o c?digos de pr?cticas que la organizaci?n se ha comprometido a implementar;'),
(677, 130, '8.3.3', 'debe considerar las consecuencias potenciales de fallar debido a la naturaleza de los productos y servicios.'),
(678, 130, '8.3.3.', 'deben ser adecuadas para los fines del dise?o y desarrollo, estar completas y sin ambiguedades'),
(679, 130, '8.3.3', ' deben resolverse La organizaci?n debe conservar la informaci?n documentada sobre las entradas del dise?o y desarrollo.'),
(680, 131, '8.3.4', 'debe aplicar controles al proceso de dise?o y desarrollo para asegurarse de que:'),
(681, 131, '', ' se definen los resultados a lograr;'),
(682, 131, '8.3.4', 'debe aplicar controles al proceso para asegurarse de que se realizan las revisiones para evaluar la capacidad de los resultados del dise?o y desarrollo para cumplir los requisitos;'),
(683, 131, '8.3.4', 'debe aplicar controles al proceso para asegurarse de que: se realizan actividades de verificaci?n para asegurarse de que las salidas del dise?o y desarrollo cumplen los requisitos de las entradas;'),
(684, 131, '8.3.4', 'debe aplicar controles al proceso para asegurarse de que: se realizan actividades de validaci?n para asegurarse de que los productos y servicios resultantes satisfacen los ?requisitos para su aplicaci?n especificada o uso previsto;'),
(685, 131, '8.3.4', 'debe aplicar controles al proceso para asegurarse de que: se toma cualquier acci?n necesaria sobre los problemas determinados durante las revisiones, o las actividades de verificaci?n y validaci'),
(686, 131, '8.3.4', 'debe aplicar controles al proceso para asegurarse de que: se conserva la informaci?n documentada de estas actividades.'),
(687, 132, '8.3.5', 'debe asegurarse de que las salidas del dise?o y desarrollo: cumplen los requisitos de las entradas;'),
(688, 132, '', 'debe asegurarse de que las salidas del dise?o  son adecuadas para los procesos posteriores para la provisi?n de productos y servicios;'),
(689, 132, '8.3.5', 'debe asegurarse de que las salidas del dise?o  incluyen o hacen referencia a los requisitos de seguimiento y medici?n, cuando sea apropiado, y a los criterios de aceptaci'),
(690, 132, '8.3.5', 'debe asegurarse de que las salidas del dise?o  especifican las caracter?sticas de los productos y servicios que son esenciales para su prop?sito previsto y su provisi?n segura y correcta.'),
(691, 132, '8.3.5', ' debe conservar informaci?n documentada sobre las salidas del dise?o y desarrollo.'),
(692, 133, '8.3.6', 'debe identificar, revisar y controlar los cambios hechos durante el dise?o y desarrollo de los productos y servicios, o posteriormente en la medida necesaria para asegurarse de que no haya un impacto adverso en la conformidad con los requisitos.'),
(693, 133, '8.3.6', 'debe conservar la informaci?n documentada sobre: los cambios del dise?o y desarrollo;'),
(694, 133, '8.3.6', 'debe conservar la informaci?n documentada sobre: los resultados de las revisiones;'),
(695, 133, '8.3.6', 'debe conservar la informaci?n documentada sobre: la autorizaci?n de los cambios'),
(696, 133, '8.3.6', 'debe conservar la informaci?n documentada sobre: las acciones tomadas para prevenir los impactos adversos'),
(697, 135, '8.4.1', 'debe asegurarse de que los procesos, productos y servicios suministrados externamente son conformes a los requisitos.'),
(698, 135, '8.4.1', 'debe determinar los controles a aplicar a los procesos, productos y servicios suministrados externamente cuando: los productos y servicios de proveedores externos est?n destinados a incorporarse dentro de los propios productos y servicios de la organizaci'),
(699, 135, '8.4.1', 'debe determinar los controles a aplicar a los productos y servicio son proporcionados directamente a los clientes por proveedores externos en nombre de la organizaci'),
(700, 135, '8.4.1', ' debe determinar los controles a aplicar a un proceso, o una parte de un proceso, es proporcionado por un proveedor externo como resultado de una decisi?n de la organizaci'),
(701, 135, '8.4.1', 'debe determinar y aplicar criterios para la evaluaci?n, la selecci?n, el seguimiento del desempe?o y la reevaluaci?n de los proveedores externos, bas?ndose en su capacidad para proporcionar procesos o productos y servicios de acuerdo con los requisitos.'),
(702, 135, '8.4.1', 'debe conservar la informaci?n documentada de estas actividades y de cualquier acci?n necesaria que surja de las evaluaciones.'),
(703, 136, '8.4.2', 'debe asegurarse de que los procesos, productos y servicios suministrados externamente no afectan de manera adversa a la capacidad de la organizaci?n de entregar productos y servicios conformes de manera coherente a sus clientes.'),
(704, 136, '8.4.2', 'debe asegurarse de que los procesos suministrados externamente permanecen dentro del control de su sistema de gesti?n de la calidad;'),
(705, 136, '8.4.2', 'debe definir los controles que pretende aplicar a un proveedor externo y los que pretende aplicar a las salidas resultantes;'),
(706, 136, '8.4.2', 'debe tener en consideraci?n; el impacto potencial de los procesos, productos y servicios suministrados externamente en la capacidad de la organizaci?n de cumplir regularmente los requisitos del cliente y los legales y reglamentarios aplicables;'),
(707, 136, '8.4.2', 'debe tener la eficacia de los controles aplicados por el proveedor externo;'),
(708, 136, '8.4.2', 'debe determinar la verificaci?n, u otras actividades necesarias para asegurarse de que los procesos, productos y servicios suministrados externamente cumplen los requisitos.'),
(709, 137, '8.4.3', 'debe comunicar a los proveedores externos sus requisitos para los procesos, productos y servicios a proporcionar;:'),
(710, 137, '8.4.3', 'debe comunicar a los proveedores externos sus requisitos para: la aprobaci?n de: productos y servicios;'),
(711, 137, '8.4.3', 'debe comunicar a los proveedores externos sus requisitos para: m?todos, procesos y equipos;'),
(712, 137, '8.4.3', 'debe comunicar a los proveedores externos sus requisitos para: la liberaci?n de productos y servicios;'),
(713, 137, '8.4.3', 'debe comunicar a los proveedores externos sus requisitos para: la competencia, incluyendo cualquier calificaci?n requerida de las personas;'),
(714, 137, '8.4.3', 'debe comunicar a los proveedores externos sus requisitos para: las interacciones del proveedor externo con la organizaci'),
(715, 137, '8.4.3', 'debe comunicar a los proveedores externos sus requisitos para: el control y el seguimiento del desempe?o del proveedor externo a aplicar por parte de la organizaci'),
(716, 137, '8.4.3', 'debe comunicar a los proveedores externos sus requisitos para: las actividades de verificaci?n o validaci?n que la organizaci?n, o su cliente, pretende llevar a cabo en las instalaciones del proveedor externo.'),
(717, 139, '8.5.1', 'debe implementar la producci?n y provisi?n del servicio bajo condiciones controladas.'),
(718, 139, '8.5.1', 'deben incluir, cuando sea aplicable: la disponibilidad de informaci?n documentada que defina: las caracter?sticas de los productos a producir, los servicios a prestar, o las actividades a desempe?ar; los resultados a alcanzar;'),
(719, 139, '8.5.1', 'debe incluir,;cuando sea aplicable; la disponibilidad y el uso de los recursos de seguimiento y medici?n adecuados;'),
(720, 139, '8.5.1', 'deben incluir, cuando sea aplicable: la implementaci?n de actividades de seguimiento y medici?n en las etapas apropiadas para verificar que se cumplen los criterios para el control de los procesos o sus salidas, y los criterios de aceptaci?n para los productos y servicios;'),
(721, 139, '8.5.1', 'deben incluir, cuando sea aplicable: el uso de la infraestructura y el entorno adecuados para la operaci?n de los procesos;'),
(722, 139, '8.5.1', 'deben incluir, cuando sea aplicable: la designaci?n de personas competentes, incluyendo cualquier calificaci?n requerida;'),
(723, 139, '8.5.1.', 'deben incluir, cuando sea aplicable: la validaci?n y revalidaci?n peri?dica de la capacidad para alcanzar los resultados planificados de los procesos de producci?n y de prestaci?n del servicio, cu?ndo las salidas resultantes no puedan verificarse mediante actividades de seguimiento o medici?n posteriores;'),
(724, 139, '8.5.1', 'deben incluir, cuando sea aplicable: la implementaci?n de acciones para prevenir los errores humanos;'),
(725, 139, '8.5.1', 'deben incluir, cuando sea aplicable: la implementaci?n de actividades de liberaci?n, entrega y posteriores a la entrega.'),
(726, 140, '8.5.2', 'debe utilizar los medios apropiados para identificar las salidas, cuando sea necesario, para asegurar la conformidad de los productos y servicios.'),
(727, 140, '8.5.2', 'debe identificar el estado de las salidas con respecto a los requisitos de seguimiento y medici?n a trav?s de la producci?n y prestaci?n del servicio.'),
(728, 140, '8.5.2', 'debe controlar la identificaci?n ?nica de las salidas cuando la trazabilidad '),
(729, 140, '', ''),
(730, 140, '8.5.2', 'debe conservar la informaci?n documentada necesaria para permitir la trazabilidad.'),
(731, 141, '8.5.3', 'debe cuidar la propiedad perteneciente a los clientes o a proveedores externos mientras est? bajo el control de la organizaci?n o est? siendo utilizado por la misma.'),
(732, 141, '8.5.3', 'debe identificar, verificar, proteger y salvaguardar la propiedad de los clientes o de los proveedores externos suministrada para su utilizaci?n o incorporaci?n dentro de los productos y servicios'),
(733, 141, '8.5.3', 'debe informar de esto al cliente o proveedor externo y conservar la informaci?n documentada sobre lo ocurrido.'),
(734, 142, '8.5.4', 'debe preservar las salidas durante la producci?n y prestaci?n del servicio, en la medida necesaria para asegurarse de la conformidad con los requisito'),
(735, 143, '8.5.5', 'debe cumplir los requisitos para las actividades posteriores a la entrega asociadas con los productos y servicios'),
(736, 143, '8.5.5', 'debe considerar: los requisitos legales y reglamentarios'),
(737, 143, '8.5.5', 'debe considerar: las consecuencias potenciales no deseadas asociadas a sus productos y servicio'),
(738, 143, '8.5.5', 'debe considerar:la naturaleza, el uso y la vida ?til prevista de sus productos y servicios;'),
(739, 143, '8.5.5', 'debe considerar: los requisitos del cliente; la retroalimentaci?n del cliente.'),
(740, 144, '8.5.6', 'debe cumplirdebe revisar y controlar los cambios para la producci?n o la prestaci?n del servicio, en la extensi?n necesaria para asegurarse de la continuidad en la conformidad con los requisitos'),
(741, 144, '8.5.6', 'debe conservar informaci?n documentada que describa los resultados de la revisi?n de los cambios, las personas que autorizan el cambio y de cualquier acci?n necesaria que surja de la la revision'),
(742, 145, '8.6', 'debe implementar las disposiciones planificadas, en las etapas adecuadas, para verificar que se cumplen los requisitos de los productos y servicios.'),
(743, 145, '8.6', 'debe llevarse a cabo hasta que se hayan completado satisfactoriamente las disposiciones planificadas, a menos que sea aprobado de otra manera por una autoridad pertinente y cuando sea aplicable, por el cliente.'),
(744, 145, '8.6', 'debe conservar la informaci?n documentada sobre la liberaci?n de los productos y servicios. La informaci?n documentada'),
(745, 145, '8.6', 'debe incluir: evidencia de la conformidad con los criterios de aceptaci'),
(746, 145, '8.6', 'debe incluir: trazabilidad a las personas que autorizan la liberaci'),
(747, 146, '8.7.1', 'debe asegurarse de que las salidas que no sean conformes con sus requisitos se identifican y se controlan para prevenir su uso o entrega no intencionada'),
(748, 146, '8.7.1', 'debe tomar las acciones adecuadas bas?ndose en la naturaleza de la no conformidad y en su efecto sobre la conformidad de los productos y servicios.'),
(749, 146, '8.7.1', 'debe aplicar tambi?n a los productos y servicios no conformes detectados despu?s de la entrega de los productos, durante o despu?s de la provisi?n de los servicios.'),
(750, 146, '8.7.1', 'debe tratar las salidas no conformes de una o m?s de las siguientes maneras: correcci'),
(751, 146, '8.7.1', 'debe tratar separaci?n, contenci?n, devoluci?n o suspensi?n de provisi?n de productos y servicios;'),
(752, 146, '8.7.1', 'debe tratar informaci?n al cliente:'),
(753, 146, '8.7.1', 'debe tratar obtenci?n de autorizaci?n para su aceptaci?n bajo concesi'),
(754, 146, '8.7.1', 'Debe tratar  verificarse la conformidad con los requisitos cuando se corrigen las salidas no conformes.'),
(755, 146, '8.7.2', 'debe conservar la informaci?n documentada que: describa la no conformidad:'),
(756, 146, '8.7.2', 'debe conservar la informaci?n documentada que: describa las acciones tomadas:'),
(757, 146, '8.7.2', 'debe conservar la informaci?n documentada que: describa todas las concesiones obtenidas;'),
(758, 146, '8.7.2', 'debe conservar la informaci?n documentada que: identifique la autoridad que decide la acci?n con respecto a la no conformidad.'),
(759, 148, '9.1.1', 'debe determinar: qu? necesita seguimiento y medici'),
(760, 148, '9.1.1', 'debe determinar: los m?todos de seguimiento, medici?n, an?lisis y evaluaci?n necesarios para asegurar resultados v?lidos;'),
(761, 148, '9.1.1', ' deben llevar a cabo el seguimiento y la medici'),
(762, 148, '9.1.1', 'debe  analizar y evaluar los resultados del seguimiento y la medici'),
(763, 148, '9.1.1', 'debe evaluar el desempe?o y la eficacia del sistema de gesti?n de la calidad.'),
(764, 148, '9.1.1', 'debe conservar la informaci?n documentada apropiada como evidencia de losresultados'),
(765, 149, '9.1.2', 'debe realizar el seguimiento de las percepciones de los clientes del grado en que se cumplen sus necesidades y expectativas.'),
(766, 149, '9.1.2', 'debe determinar los m?todos para obtener realizar el seguimiento y revisar esta informaci'),
(767, 153, '9.1.3', 'debe analizar y evaluar los datos y la informaci?n apropiados que surgen por el seguimiento y la medici'),
(768, 153, '9.1.3', 'deben utilizarse para evaluar: la conformidad de los productos y servicios;'),
(769, 153, '9.1.3', 'deben utilizarse para evaluar: el grado de satisfacci?n del cliente;'),
(770, 153, '9.1.3', 'deben utilizarse para evaluar: el desempe?o y la eficacia del sistema de gesti?n de la calidad;'),
(771, 153, '9.1.3', 'deben utilizarse para evaluar: si lo planificado se ha implementado de forma eficaz;'),
(772, 153, '9.1.3', 'deben utilizarse para evaluar: la eficacia de las acciones tomadas para abordar los riesgos y oportunidades;'),
(773, 153, '9.1.3', 'deben utilizarse para evaluar: el desempe?o de los proveedores externos;'),
(774, 153, '9.1.3', 'deben utilizarse para evaluar: la necesidad de mejoras en el sistema de gesti?n de la calidad.'),
(775, 151, '9.2.1', 'debe llevar a cabo auditor?as internas a intervalos planificados para proporcionar informaci?n acerca de si el sistema de gesti?n de la calidad:'),
(776, 151, '9.2.1', 'es conforme con: los requisitos propios de la organizaci?n para su sistema de gesti?n-de la calidad;'),
(777, 151, '9.2.1', 'debe llebar a cabo los requisitos de esta Norma internacional;'),
(778, 151, '9.2.1', 'debe llevar a cabo se implementa y mantiene eficazmente.'),
(779, 151, '9.2.2', 'debe planificar, establecer, implementar y mantener uno o varios programas de auditor?a que incluyan la frecuencia, los m?todos, las responsabilidades, los requisitos de planificaci?n y la elaboraci?n de informes'),
(780, 151, '9.2.2', 'deben tener en consideraci?n la importancia de los procesos involucrados, los cambios que afecten a la organizaci?n y los resultados de las auditor?as previas;'),
(781, 151, '9.2.2', 'debe definir los criterios de la auditor?a y el alcance para cada auditor?a;'),
(782, 151, '9.2.2', 'debe seleccionar los auditores y llevar a cabo auditor?as para asegurarse de la objetividad y la imparcialidad del proceso de auditor?a;'),
(783, 151, '9.2.2', 'debe asegurarse de que los resultados de las auditor?as se informen a la direcci?n pertinente;'),
(784, 151, '9.2.2', 'debe realizar las correcciones y tomar las acciones correctivas adecuadas sin demora injustificada;'),
(785, 151, '9.2.2', 'debe conservar informaci?n documentada como evidencia de la implementaci?n del programa de auditor?a y de los resultados de las auditor?as.'),
(786, 153, '9.3.1', 'debe revisar el sistema de gesti?n de la calidad de la organizaci?n a intervalos planificados, para asegurarse de su conveniencia, adecuaci?n, eficacia y alineaci?n continuas con la direcci?n estrat?gica de la organizaci'),
(787, 155, '9.3.3', 'deben incluir las decisiones y acciones relacionadas con: las oportunidades de mejora;'),
(788, 155, '9.3.3', 'debe incluir cualquier necesidad de cambio en el sistema de gesti?n de la calidad;'),
(789, 155, '9.3.3', 'debe incluir : las necesidades de recursos. '),
(790, 155, '9.3.3', 'debe conservar informaci?n documentada como evidencia de los resultados de las revisiones por la direcci'),
(791, 156, '10.1', 'debe determinar y seleccionar las oportunidades de mejora e implementar cualquier acci?n necesaria para cumplir los requisitos del cliente y aumentar la satisfacci?n del cliente.'),
(792, 156, '10.1', 'deben incluir: mejorar los productos y servicios para cumplir los requisitos, as? como considerar las necesidades y expectativas futuras;'),
(793, 156, '10.1', 'deben incluir: corregir, prevenir o reducir los efectos no deseados;'),
(794, 156, '10.1', 'deben incluir:mejorar el desempe?o y la eficacia del sistema de gesti?n de la calidad.'),
(795, 157, '10.2.1', 'debe reaccionar ante la no conformidad y, cuando sea aplicable:'),
(796, 157, '10.2.1', 'debe tomar acciones para controlarla y corregirla;'),
(797, 157, '10.2.1', 'debe hacer frente a las consecuencias;'),
(798, 157, '10.2.1', 'debe evaluar la necesidad de acciones para eliminar las causas de la no conformidad, con el fin de que no vuelva a ocurrir ni ocurra en otra parte, mediante: la revisi?n y el an?lisis de la no conformidad;'),
(799, 157, '10.2.1', 'debe evaluar la determinaci?n de las causas de la no conformidad;'),
(800, 157, '10.2.1', 'debe evaluar la determinaci?n de si existen no conformidades similares, o que potencialmente puedan ocurrir;'),
(801, 157, '10.2.1', 'debe evaluar implementar cualquier acci?n necesaria'),
(802, 157, '10.2.1', 'debe evaluar revisar la eficacia de cualquier acci?n correctiva tomada;'),
(803, 157, '10.2.1', 'debe evaluar si fuera necesario, actualizar los riesgos y oportunidades determinados, durante la planificaci?n; y'),
(804, 157, '10.2.1', 'debe evaluarsi fuera necesario, actualizar los riesgos y oportunidades determinados, durante la planificaci?n; y'),
(805, 157, '10.2.1', 'debe evaluar si fuera necesario, hacer cambios al sistema de gesti?n de la calidad.,'),
(806, 157, '10.2.1', 'deben ser apropiadas a los efectos de las no conformidades encontradas.'),
(807, 157, '10.2.2', 'debe conservar informaci?n documentada tomo evidencia de: la naturaleza de las no conformidades y cualquier acci?n tomada posteriormente;'),
(808, 157, '10.2.2', 'debe conservar los resultados de cualquier acci?n correctiva.'),
(809, 158, '10.3', 'debe mejorar continuamente la conveniencia, adecuaci?n y eficacia del sistema de gesti?n de la calidad.'),
(810, 158, '10.3', 'debe considerar los resultados del an?lisis y la evaluaci?n, y las salidas de la revisi?n por la direcci?n, para determinar si hay necesidades u oportunidades'),
(811, 158, '10.3', 'deben considerarse como parte de la mejora continua.'),
(812, 93, '4.1', 'debe determinar las cuestiones externas e internas'),
(813, 93, '4.1', 'debe realizar el seguimiento y la revisi'),
(814, 94, '4.2', 'debe determinar las partes interesadas que son pertinentes'),
(815, 94, '4.2', 'debe determinar los requisitos pertinentes de estas partes interesadas'),
(816, 94, '4.2', 'debe realizar el seguimiento y la revisi'),
(817, 95, '4.3', 'debe determinar los l?mites y la aplicabilidad del SG'),
(818, 95, '4.3', 'debe considerar las cuestiones externas e internas'),
(819, 95, '4.3', 'debe considerar los requisitos de las partes interesadas'),
(820, 95, '4.3', 'debe considerar los productos y servicios de la organizaci'),
(821, 95, '4.3', 'debe aplicar todos los requisitos d? est? Norma Internacional'),
(822, 95, '4.3', 'debe establecer los tipos de productos y servicios cubiertos,'),
(823, 0, '4.4.1', 'debe establecer, implementar, mantener y mejorar continuamente'),
(824, 0, '4.4.1', 'debe determinar los procesos necesarios'),
(825, 0, '4.4.1', 'debe determinar las entradas requeridas y las salidas esperadas de estos procesos'),
(826, 0, '4.4.1', 'debe determinar la secuencia e interacci'),
(827, 0, '4.4.1', 'debe determinar y aplicar los criterios y los m?todos'),
(828, 0, '4.4.1', 'debe determinar los recursos necesarios'),
(829, 0, '4.4.1', 'debe asignar las responsabilidades y autoridades'),
(830, 0, '4.4.1', 'debe abordar los riesgos y oportunidades'),
(831, 0, '4.4.1', 'debe evaluar estos procesos e implementar cualquier cambio'),
(832, 0, '4.4.1', 'debe mejorar los procesos y el sistema de gesti?n de la calidad'),
(833, 0, '4.4.2', 'debe mantener informaci?n documentada'),
(834, 0, '4.4.2', 'debe conservar la informaci?n documentada'),
(835, 97, '5.1.1', 'debe demostrar liderazgo y compromiso con respecto al sistema de gesti?n de la calidad'),
(836, 97, '5.1.1', 'debe demostrar liderazgo y compromiso asumiendo la responsabilidad y obligaci?n de rendir cuentas con relaci?n a la eficacia del sistema de gesti?n de la calidad'),
(837, 97, '5.1.1', 'debe demostrar liderazgo y compromiso asegur?ndose de que se establezcan la pol?tica de la calidad y los objetivos de la calidad para el sistema de gesti?n de la calidad, y que ?stos sean compatibles con el contexto y la direcci?n estrat?gica de la organizaci'),
(838, 97, '5.1.1', 'debe mostrar liderazgo y compromiso asegur?ndose de la integraci?n de los requisitos del sistema de gesti?n de la calidad en los procesos de negocio de la organizaci'),
(839, 97, '5.1.1', 'debe demostrar liderazgo y compromiso promoviendo el uso del enfoque a procesos y el pensamiento basado en riesgos;'),
(840, 97, '5.1.1', 'debe demostrar liderazgo y compromiso asegur?ndose de que los recursos necesarios para el sistema de gesti?n de la calidad est?n disponibles;'),
(841, 97, '5.1.1', 'debe demostrar liderazgo y compromiso comunicando la importancia de una gesti?n de la calidad eficaz y conforme con los requisitos del sistema de gesti?n de la calidad;'),
(842, 97, '5.1.1', 'debe demostrar liderazgo y compromiso asegur?ndose de que el sistema de gesti?n de la calidad logre los resultados previstos;'),
(843, 97, '5.1.1', 'debe demostrar liderazgo y compromiso  comprometiendo, dirigiendo y apoyando a las personas, para contribuir a la eficacia del sistema de gesti?n de la calidad;'),
(844, 97, '5.1.1', 'debe demostrar liderazgo y compromiso  promoviendo la mejora;'),
(845, 97, '5.1.1', 'debe demostrar liderazgo y compromiso  apoyando otros roles pertinentes de la direcci?n, para demostrar su liderazgo en la forma en la que aplique a sus ?reas de responsabilidad.'),
(846, 98, '5.1.2', ' debe demostrar liderazgo y compromiso con respecto al enfoque al cliente asegur?ndose de que: se determinan, se comprenden y se cumplen regularmente los requisitos del cliente y los legales y reglamentarios aplicables;'),
(847, 98, '5.1.2', 'debe demostrar liderazgo y compromiso con respecto al enfoque al cliente asegur?ndose de que: se determinan y se consideran los riesgos y oportunidades que pueden afectar a la conformidad de los productos y servicios y a la capacidad de aumentar la satisfacci?n del cliente;'),
(848, 98, '5.1.2', ' debe demostrar liderazgo y compromiso con respecto al enfoque al cliente asegur?ndose de que :se mantiene el enfoque en el aumento de la satisfacci?n del cliente.'),
(849, 98, '5.2.1', 'debe establecer, implementar y mantener una pol?tica de la calidad que: sea apropiada al prop?sito y contexto de la organizaci?n y apoye su direcci?n estrat?gica;'),
(850, 98, '5.2.1', 'debe establecer, implementar y mantener una pol?tica de la calidad que: proporcione un marco de referencia para el establecimiento de los objetivos de la calidad;'),
(851, 98, '5.2.1', 'debe establecer, implementar y mantener una pol?tica de la calidad que: incluya un compromiso de cumplir los requisitos aplicables;'),
(852, 98, '5.2.1', 'debe establecer, implementar y mantener una pol?tica de la calidad que: incluya un compromiso de mejora continua del sistema de gesti?n de la calidad.'),
(853, 101, '5.2.2', 'debe estar disponible y mantenerse como informaci?n documentada;'),
(854, 101, '5.2.2', 'debe comunicarse, entenderse y aplicarse dentro de la organizaci'),
(855, 101, '5.2.2', 'debe estar disponible para las partes interesadas pertinentes; seg?n corresponda.'),
(856, 102, '5.3', 'debe asegurarse de que las responsabilidades y autoridades para los roles pertinentes se asignen, se comuniquen y se entiendan en toda la organizaci'),
(857, 102, '5.3', 'debe asignar la responsabilidad y autoridad para: asegurarse de que el sistema de gesti?n de la calidad es conforme con los requisitos de esta Norma Internacional;'),
(858, 102, '5.3', 'debe asignar la responsabilidad y autoridad para: asegurarse de que los procesos est?n generando y proporcionando las salidas previstas;'),
(859, 102, '5.3', 'debe asignar la responsabilidad y autoridad para: informar, en particular, a la alta direcci?n sobre el desempe?o del sistema de gesti?n de la calidad y sobre las oportunidades de mejora (v?ase 10.1):'),
(860, 102, '5.3', 'debe asignar la responsabilidad y autoridad para: asegurarse de que se promueve el enfoque al cliente en toda la organizaci'),
(861, 102, '5.3', 'debe asignar la responsabilidad y autoridad para: asegurarse de que la integridad del sistema de gesti?n de la calidad se mantiene cuando se planifican e implementan cambios en el sistema de gesti?n de la calidad.'),
(862, 103, '6.1.1', 'debe considerar las cuestiones referidas en el apartado 4.1 y los requisitos referidos en el apartado 4.2, y determinar los riesgos y oportunidades que es necesario abordar con el fin de: asegurar que el sistema de gesti?n de la calidad pueda lograr sus resultados previstos;'),
(863, 103, '6.1.1', 'debe aumentar los efectos deseables;'),
(864, 103, '6.1.1', 'debe prevenir o reducir efectos no deseados;'),
(865, 103, '6.1.1', 'debe lograr la mejora'),
(866, 103, '6.1.2', 'debe planificar: las acciones para abordar estos riesgos y oportunidades;'),
(867, 103, '6.1.2', ' debe planificar: la manera de: integrar e implementar las acciones en sus procesos del sistema de gesti?n de la calidad (v?ase 4,4.);'),
(868, 103, '6.1.2', 'debe planificar: evaluar la eficacia de estas acciones.'),
(869, 103, '6.1.2', 'deben ser proporcionales al impacto potencial en la conformidad de los productos y los servicios.'),
(870, 104, '6.2.1', ' debe establecer objetivos de la calidad para las funciones y niveles pertinentes y los procesos necesarios para el sistema de gesti?n de la calidad.'),
(871, 104, '6.2.1', 'debe ser coherentes con la pol?tica de la calidad;'),
(872, 104, '6.2.1', 'debe ser medibles;'),
(873, 104, '6.2.1', 'debe tener en cuenta los requisitos aplicables;'),
(874, 104, '6.2.1', 'debe ser pertinentes para la conformidad de los productos y servicios y para el aumento de la satisfacci?n del cliente;'),
(875, 104, '6.2.1', 'debe ser objeto de seguimiento;'),
(876, 104, '6.2.1', 'debe comunicarse;'),
(877, 104, '6.2.1', 'debe actualizarse, Seg?n corresponda'),
(878, 104, '6.2.1', 'debe mantener informaci?n documentada sobre los objetivos de la calidad.'),
(879, 104, '6.2.2', 'Al planificar c?mo lograr sus objetivos de la calidad, la organizaci?n debe determinar: qu? s? va a hacer;'),
(880, 104, '6.2.2', 'debe determinar: qu? recursos se requerir?n;'),
(881, 104, '6.2.2', 'debe determinar: qui?n ser? responsable;'),
(882, 104, '6.2.2', 'debe determinar: cu?ndo se finalizar'),
(883, 104, '6.2.2', 'debe determinar:  c?mo se evaluar?n los resultados'),
(884, 105, '6.3', 'deben llevar a cabo de manera planificada (v?ase 4.4).'),
(885, 105, '6.3', 'debe considerar: el prop?sito de los cambios y sus consecuencias potenciales;'),
(886, 105, '6.3', 'debe considerar: la integridad del sistema de gesti?n de la calidad;'),
(887, 105, '6.3', 'debe considerar: la disponibilidad de recursos;'),
(888, 105, '6.3', 'debe considerar:  la asignaci?n o reasignaci?n de responsabilidades y autoridades.'),
(889, 107, '7.1.1', 'debe determinar y proporcionar los recursos-necesarios para el establecimiento, implementaci?n, mantenimiento y mejora continua del sistema de gesti?n de la calidad.'),
(890, 107, '7.1.1', 'La organizaci?n debe considerar: las capacidades y limitaciones de los recursos internos existentes;'),
(891, 107, '7.1.1', 'La organizaci?n debe considerar: qu? se necesita obtener de los proveedores externos.'),
(892, 108, '7.1.2', 'debe determinar y proporcionar la organizaci?n de  las personas necesarias para la implementaci?n eficaz de su sistema de gesti?n de la calidad y para la operaci?n y control de sus procesos.'),
(893, 110, '7.1.4', 'La organizaci?n debe determinar, proporcionar y mantener el ambiente necesario para la operaci?n de sus procesos y para lograr la conformidad de los productos y servicios.'),
(894, 112, '7.1.5.1', 'debe determinar y proporcionarlos recursos necesarios para asegurarse de la validez y fiabilidad de los resultados cuando se realice el seguimiento o la medici?n para verificar la conformidad de los productos y servicios con los requisitos.'),
(895, 112, '7.1.5.1', 'debe asegurarse de que los recursos proporcionados: son apropiados para el tipo espec?fico de actividades de seguimiento y medici?n realizadas;'),
(896, 112, '7.1.5.1', 'debe asegurarse de que los recursos proporcionados: se mantienen para asegurarse de la idoneidad continua para su prop?sito.'),
(897, 112, '7.1.5.1', 'debe conservar la informaci?n documentada apropiada como evidencia de que los recursos de seguimiento y medici?n son id?neos para su prop?sito.'),
(898, 0, '7.1.5.2', 'debe calibrarse o verificarse, o ambas, a intervalos especificados, o antes de su utilizaci?n, contra patrones de medici?n trazables a patrones de medici?n internacionales o nacionales; cuando no existan tales patrones, debe conservarse como informaci?n documentada la base utilizada para la calibraci?n o la verificaci'),
(899, 0, '7.1.5.2', 'debe identificarse para determinar su estado;'),
(900, 0, '7.1.5.2', 'debe protegerse contra ajustes, da?o o deterioro que pudieran invalidar el estado de calibraci?n y los posteriores resultados de la medici'),
(901, 0, '7.1.5.2', 'debe determinar si la validez de los resultados de medici?n previos se ha visto afectada de manera adversa cuando el equipo de medici?n se considere no apto para su prop?sito previsto, '),
(902, 0, '7.1.5.2', 'debe tomar las acciones adecuadas cuando sea necesario.'),
(903, 113, '7.1.6', 'debe determinar los conocimientos necesarios para la operaci?n de sus procesos y para lograr la conformidad de los productos y servicios.'),
(904, 113, '7.1.6', 'deben mantenerse y ponerse a disposici?n en la medida en que sea necesario.'),
(905, 113, '7.1.6', 'debe considerar sus conocimientos Actuales y determinar c?mo adquirir o acceder a los conocimientos adicionales necesarias yolas actualizaciones requeridas.'),
(906, 114, '7.2', 'debe determinar la competencia necesaria de las personas que realizan, bajo su control, un trabajo que afecta al desempe?o y eficacia del sistema de gesti?n de la calidad;'),
(907, 114, '7.2', 'debe asegurarse de que estas personas sean competentes, bas?ndose en la educaci?n, formaci?n o experiencia apropiadas;'),
(908, 114, '7.2', ' cuando sea aplicable, tomar acciones para adquirir la competencia necesaria y evaluar la eficacia de las acciones tomadas;'),
(909, 114, '7.2', 'debe conservar la informaci?n documentada apropiada como evidencia de la competencia'),
(910, 115, '7.3', 'debe asegurarse de que las personas que realizan el trabajo bajo el control de la organizaci?n tomen conciencia de: de la politica '),
(911, 115, '7.3', 'debe asegurarse de que tomen conciencia de: los objetivos de la calidad pertinentes;'),
(912, 115, '7.3', 'debe asegurarse de que tomen conciencia de: su contribuci?n a la eficacia del sistema de gesti?n de la calidad, incluidos los beneficios de una mejora del desempe'),
(913, 115, '7.3', 'debe asegurarse de que tomen conciencia de: las implicaciones del incumplimiento de los requisitos del sistema de gesti?n de la calidad.'),
(914, 116, '7.4', 'debe determinar las comunicaciones internas y externas pertinentes al sistema de gesti?n de la calidad, que incluyan: que comunicar;'),
(915, 116, '7.4', 'debe determinar cu?ndo comunicar;'),
(916, 116, '7.4', 'debe determinar a qui?n comunicar;'),
(917, 116, '7.4', 'debe determinar c?mo comunicar;'),
(918, 116, '7.4', 'debe determinar  qui?n comunica.'),
(919, 118, '7.5.1', 'debe incluir: la informaci?n documentada requerida por esta Norma Internacional;'),
(920, 118, '7.5.1', 'debe incluir: la informaci?n documentada que la organizaci?n determina como necesaria para la eficacia del sistema de gesti?n de la calidad.'),
(921, 119, '7.5.2', 'debe asegurarse de que lo siguiente sea apropiado: la identificaci?n y descripci?n (por ejemplo, titulo, fecha, autor o n?mero de referencia);'),
(922, 119, '7.5.2', 'debe asegurarse de que lo siguiente sea apropiado:el formato (por ejemplo, idioma, versi?n del software, gr?ficos) y los medios de soporte (por ejemplo, papel, electr?nico);'),
(923, 119, '7.5.2', 'debe asegurarse de que lo siguiente sea apropiado: la revisi?n y aprobaci?n con respecto a la conveniencia y adecuaci'),
(924, 120, '7.5.3.1', 'debe controlar para asegurarse de que: est? disponible y sea id?nea para su uso, donde y cuando se necesite;'),
(925, 120, '7.5.3.1', 'debe controlar para asegurarse de que: est? protegida adecuadamente (por ejemplo, contra p?rdida de la confidencialidad, uso inadecuado o p?rdida de integridad).'),
(926, 120, '7.5.3.2', 'debe abordar las siguientes actividades, seg?n corresponda:'),
(927, 120, '7.5.3.2', 'distribuci?n, acceso, recuperaci?n y uso;'),
(928, 120, '7.5.3.2', 'almacenamiento y preservaci?n, incluida la preservaci?n de la legibilidad;'),
(929, 120, '7.5.3.2', 'control de cambios (por ejemplo, control de versi?n);'),
(930, 120, '7.5.3.2', 'conservaci?n y disposici'),
(931, 120, '7.5.3.2', 'debe identificar, seg?n sea apropiado, y controlar'),
(932, 120, '7.5.3.2', 'debe protegerse contra modificaciones no intencionadas.'),
(933, 121, '8.1', 'debe planificar, implementar y controlar los procesos (v?ase 4.4) necesarios para cumplir los requisitos para la provisi?n de productos y servicios, y para implementar las acciones determinadas en el cap?tulo 6 mediante:'),
(934, 121, '8.1', 'debe planificar la determinaci?n de los requisitos para los productos y servicios;'),
(935, 121, '', 'debe planificar el establecimiento de criterios para:los procesos;'),
(936, 121, '8.1', 'debe planificar la aceptaci?n de los productos y servicios;'),
(937, 121, '8.1', 'debe planificar la determinaci?n de los recursos necesarios para lograr la conformidad con los requisitos de los productos y servicios;'),
(938, 121, '8.1', 'debe planificarla implementaci?n del control de los procesos de acuerdo con los criterios;'),
(939, 121, '8.1', 'debe planificar la determinaci?n, el mantenimiento y la conservaci?n de la informaci?n documentada en la extensi?n necesaria para: tener confianza en que los procesos se han llevado a cabo seg?n lo planificado;'),
(940, 121, '8.1', 'debe planficar demostrar la conformidad de los productos y servicios con sus requisitos.'),
(941, 121, '8.1', 'debe ser adecuada para las operaciones de la organizaci'),
(942, 121, '8.1', 'debe controlar los cambios planificados y revisar las consecuencias de los cambios no previstos, tomando acciones para mitigar cualquier efecto adverso, seg?n sea necesario.'),
(943, 121, '8.1', 'debe asegurarse de que los procesos contratados externamente est?n controlados (v?ase8.4).'),
(944, 123, '8.2.1', 'debe proporcionar la informaci?n relativa a los productos y servicios;'),
(945, 123, '8.2.1', 'debe tratar las consultas, los contratos o los pedidos, incluyendo los cambios;'),
(946, 123, '8.2.1', 'debe obtener la retroalimentaci?n de los clientes relativa a los productos y servicios incluyendo las quejas de los clientes;'),
(947, 123, '8.2.1', 'debe manipular o controlar la propiedad del cliente'),
(948, 123, '8.2.1', 'debe establecer los requisitos espec?ficos para las acciones de contingencia, cuando sea pertinente.'),
(949, 124, '8.2.2', 'debe asegurarse de que: los requisitos para los productos y servicios se definen, incluyendo: cualquier requisito legal y reglamentario aplicable;'),
(950, 124, '8.2.2', 'debe asegurarse de que: aquellos considerados necesarios por la organizaci'),
(951, 125, '8.2.3.1', 'debe asegurarse de que: la organizaci?n puede cumplir con las declaraciones acerca de los productos y servicios que ofrece.'),
(952, 125, '8.2.3.1', 'debe asegurarse de que tiene la capacidad de cumplir los requisitos para los productos y servicios que se van a ofrecer a los clientes.'),
(953, 125, '8.2.3.1', 'debe llevar a cabo una revisi?n antes de comprometerse a suministrar productos y servicios a un cliente, para incluir: los requisitos especificados por el cliente, incluyendo los requisitos para las Actividades de entrega y las posteriores a la misma;'),
(954, 125, '8.2.3.1', 'debe llevar a cabo los requisitos no establecidos por el cliente, pero necesarios para el uso especificado o previsto, cuando sea conocido;'),
(955, 125, '8.2.3.1', 'debe llevar a cabo los requisitos especificados por la organizaci'),
(956, 125, '8.2.3.1', 'debe llevar a cabo  los requisitos legales y reglamentarios aplicables a los productos y servicios;'),
(957, 125, '8.2.3.1', 'debe llevar a cabo las diferencias existentes entre los requisitos del contrato o pedido y los expresados previamente.'),
(958, 125, '8.2.3.1', 'debe asegurarse de que se resuelven las diferencias existentes entre los requisitos del contrato o pedido y los expresados previamente.'),
(959, 125, '8.2.3.1', 'debe confirmar los requisitos del cliente antes de la aceptaci?n, cuando el cliente no proporcione una declaraci?n documentada de sus requisitos'),
(960, 125, '8.2.3.2', 'debe conservar- la informaci?n documentada, cuando sea aplicable:'),
(961, 125, '', 'sobre los resultados de la revisi'),
(962, 125, '8.2.3.2', 'debe conservar la informacion sobre cualquier requisito nuevo para los productos y servicios.'),
(963, 126, '8.2.4', 'debe asegurarse de que, cuando se cambien los requisitos para los productos y servicios, la informaci?n; documentada pertinente sea modificada, y de que las personas pertinentes sean conscientes de los requisitos modificados.'),
(964, 128, '8.3.1', 'debe establecer, implementar y mantener un proceso de dise?o y desarrollo que sea adecuado para asegurarse de la posterior provisi?n de productos y servicios.'),
(965, 129, '8.3.2', 'debe considerar: La naturaleza, duraci?n y complejidad de las actividades de dise?o y desarrollo;'),
(966, 129, '8.3.2', 'debe considerar: las etapas del proceso requeridas, incluyendo las revisiones del dise?o y desarrollo aplicables;'),
(967, 129, '8.3.2', 'debe considerar: las actividades requeridas de verificaci?n y validaci?n del dise?o y desarrollo;'),
(968, 129, '8.3.2', 'debe considerar: las responsabilidades y autoridades involucradas en el proceso de dise?o y desarrollo;'),
(969, 129, '8.3.2', 'debe considerar: las necesidades de recursos internos y externos para el dise?o y desarrollo de los productos y servicios;'),
(970, 129, '8.3.2', 'debe considerar: la necesidad de controlar las interfaces entre las personas que participan activamente en el proceso de dise?o y desarrollo;'),
(971, 129, '8.3.2', 'debe considerar: la necesidad de la participaci?n activa de los clientes y usuarios en el proceso de dise?o y desarrollo;'),
(972, 129, '8.3.2', 'debe considerar: los requisitos para la posterior provisi?n de productos y servicios;'),
(973, 129, '8.3.2', 'debe considerar: el nivel de control del proceso de dise?o y desarrollo esperado por los clientes y otras partes interesadas pertinentes;'),
(974, 129, '8.3.2', 'debe considerar: la informaci?n documentada necesaria para demostrar que se han cumplido los requisitos del dise?o y desarrollo.'),
(975, 130, '8.3.3', 'debe determinar los requisitos esenciales para los tipos espec?ficos de productos y servicios a dise?ar y desarrollar. '),
(976, 130, '8.3.3', 'debe considerar los requisitos funcionales y de desempe'),
(977, 130, '8.3.3', 'debe considerar la informaci?n proveniente de actividades previas de dise?o y desarrollo similares;'),
(978, 130, '8.3.3', 'debe considerarlos requisitos legales y reglamentarios;'),
(979, 130, '8.3.3', 'debe considerar normas o c?digos de pr?cticas que la organizaci?n se ha comprometido a implementar;'),
(980, 130, '8.3.3', 'debe considerar las consecuencias potenciales de fallar debido a la naturaleza de los productos y servicios.'),
(981, 130, '8.3.3.', 'deben ser adecuadas para los fines del dise?o y desarrollo, estar completas y sin ambiguedades'),
(982, 130, '8.3.3', ' deben resolverse La organizaci?n debe conservar la informaci?n documentada sobre las entradas del dise?o y desarrollo.'),
(983, 131, '8.3.4', 'debe aplicar controles al proceso de dise?o y desarrollo para asegurarse de que:'),
(984, 131, '', ' se definen los resultados a lograr;'),
(985, 131, '8.3.4', 'debe aplicar controles al proceso para asegurarse de que se realizan las revisiones para evaluar la capacidad de los resultados del dise?o y desarrollo para cumplir los requisitos;'),
(986, 131, '8.3.4', 'debe aplicar controles al proceso para asegurarse de que: se realizan actividades de verificaci?n para asegurarse de que las salidas del dise?o y desarrollo cumplen los requisitos de las entradas;'),
(987, 131, '8.3.4', 'debe aplicar controles al proceso para asegurarse de que: se realizan actividades de validaci?n para asegurarse de que los productos y servicios resultantes satisfacen los ?requisitos para su aplicaci?n especificada o uso previsto;'),
(988, 131, '8.3.4', 'debe aplicar controles al proceso para asegurarse de que: se toma cualquier acci?n necesaria sobre los problemas determinados durante las revisiones, o las actividades de verificaci?n y validaci'),
(989, 131, '8.3.4', 'debe aplicar controles al proceso para asegurarse de que: se conserva la informaci?n documentada de estas actividades.'),
(990, 132, '8.3.5', 'debe asegurarse de que las salidas del dise?o y desarrollo: cumplen los requisitos de las entradas;'),
(991, 132, '', 'debe asegurarse de que las salidas del dise?o  son adecuadas para los procesos posteriores para la provisi?n de productos y servicios;'),
(992, 132, '8.3.5', 'debe asegurarse de que las salidas del dise?o  incluyen o hacen referencia a los requisitos de seguimiento y medici?n, cuando sea apropiado, y a los criterios de aceptaci'),
(993, 132, '8.3.5', 'debe asegurarse de que las salidas del dise?o  especifican las caracter?sticas de los productos y servicios que son esenciales para su prop?sito previsto y su provisi?n segura y correcta.'),
(994, 132, '8.3.5', ' debe conservar informaci?n documentada sobre las salidas del dise?o y desarrollo.'),
(995, 133, '8.3.6', 'debe identificar, revisar y controlar los cambios hechos durante el dise?o y desarrollo de los productos y servicios, o posteriormente en la medida necesaria para asegurarse de que no haya un impacto adverso en la conformidad con los requisitos.'),
(996, 133, '8.3.6', 'debe conservar la informaci?n documentada sobre: los cambios del dise?o y desarrollo;'),
(997, 133, '8.3.6', 'debe conservar la informaci?n documentada sobre: los resultados de las revisiones;'),
(998, 133, '8.3.6', 'debe conservar la informaci?n documentada sobre: la autorizaci?n de los cambios'),
(999, 133, '8.3.6', 'debe conservar la informaci?n documentada sobre: las acciones tomadas para prevenir los impactos adversos'),
(1000, 135, '8.4.1', 'debe asegurarse de que los procesos, productos y servicios suministrados externamente son conformes a los requisitos.'),
(1001, 135, '8.4.1', 'debe determinar los controles a aplicar a los procesos, productos y servicios suministrados externamente cuando: los productos y servicios de proveedores externos est?n destinados a incorporarse dentro de los propios productos y servicios de la organizaci'),
(1002, 135, '8.4.1', 'debe determinar los controles a aplicar a los productos y servicio son proporcionados directamente a los clientes por proveedores externos en nombre de la organizaci'),
(1003, 135, '8.4.1', ' debe determinar los controles a aplicar a un proceso, o una parte de un proceso, es proporcionado por un proveedor externo como resultado de una decisi?n de la organizaci'),
(1004, 135, '8.4.1', 'debe determinar y aplicar criterios para la evaluaci?n, la selecci?n, el seguimiento del desempe?o y la reevaluaci?n de los proveedores externos, bas?ndose en su capacidad para proporcionar procesos o productos y servicios de acuerdo con los requisitos.'),
(1005, 135, '8.4.1', 'debe conservar la informaci?n documentada de estas actividades y de cualquier acci?n necesaria que surja de las evaluaciones.'),
(1006, 136, '8.4.2', 'debe asegurarse de que los procesos, productos y servicios suministrados externamente no afectan de manera adversa a la capacidad de la organizaci?n de entregar productos y servicios conformes de manera coherente a sus clientes.'),
(1007, 136, '8.4.2', 'debe asegurarse de que los procesos suministrados externamente permanecen dentro del control de su sistema de gesti?n de la calidad;'),
(1008, 136, '8.4.2', 'debe definir los controles que pretende aplicar a un proveedor externo y los que pretende aplicar a las salidas resultantes;'),
(1009, 136, '8.4.2', 'debe tener en consideraci?n; el impacto potencial de los procesos, productos y servicios suministrados externamente en la capacidad de la organizaci?n de cumplir regularmente los requisitos del cliente y los legales y reglamentarios aplicables;'),
(1010, 136, '8.4.2', 'debe tener la eficacia de los controles aplicados por el proveedor externo;'),
(1011, 136, '8.4.2', 'debe determinar la verificaci?n, u otras actividades necesarias para asegurarse de que los procesos, productos y servicios suministrados externamente cumplen los requisitos.'),
(1012, 137, '8.4.3', 'debe comunicar a los proveedores externos sus requisitos para los procesos, productos y servicios a proporcionar;:'),
(1013, 137, '8.4.3', 'debe comunicar a los proveedores externos sus requisitos para: la aprobaci?n de: productos y servicios;');
INSERT INTO `debes` (`id`, `subnormaindice_id`, `numeral`, `descripcion`) VALUES
(1014, 137, '8.4.3', 'debe comunicar a los proveedores externos sus requisitos para: m?todos, procesos y equipos;'),
(1015, 137, '8.4.3', 'debe comunicar a los proveedores externos sus requisitos para: la liberaci?n de productos y servicios;'),
(1016, 137, '8.4.3', 'debe comunicar a los proveedores externos sus requisitos para: la competencia, incluyendo cualquier calificaci?n requerida de las personas;'),
(1017, 137, '8.4.3', 'debe comunicar a los proveedores externos sus requisitos para: las interacciones del proveedor externo con la organizaci'),
(1018, 137, '8.4.3', 'debe comunicar a los proveedores externos sus requisitos para: el control y el seguimiento del desempe?o del proveedor externo a aplicar por parte de la organizaci'),
(1019, 137, '8.4.3', 'debe comunicar a los proveedores externos sus requisitos para: las actividades de verificaci?n o validaci?n que la organizaci?n, o su cliente, pretende llevar a cabo en las instalaciones del proveedor externo.'),
(1020, 139, '8.5.1', 'debe implementar la producci?n y provisi?n del servicio bajo condiciones controladas.'),
(1021, 139, '8.5.1', 'deben incluir, cuando sea aplicable: la disponibilidad de informaci?n documentada que defina: las caracter?sticas de los productos a producir, los servicios a prestar, o las actividades a desempe?ar; los resultados a alcanzar;'),
(1022, 139, '8.5.1', 'debe incluir,;cuando sea aplicable; la disponibilidad y el uso de los recursos de seguimiento y medici?n adecuados;'),
(1023, 139, '8.5.1', 'deben incluir, cuando sea aplicable: la implementaci?n de actividades de seguimiento y medici?n en las etapas apropiadas para verificar que se cumplen los criterios para el control de los procesos o sus salidas, y los criterios de aceptaci?n para los productos y servicios;'),
(1024, 139, '8.5.1', 'deben incluir, cuando sea aplicable: el uso de la infraestructura y el entorno adecuados para la operaci?n de los procesos;'),
(1025, 139, '8.5.1', 'deben incluir, cuando sea aplicable: la designaci?n de personas competentes, incluyendo cualquier calificaci?n requerida;'),
(1026, 139, '8.5.1.', 'deben incluir, cuando sea aplicable: la validaci?n y revalidaci?n peri?dica de la capacidad para alcanzar los resultados planificados de los procesos de producci?n y de prestaci?n del servicio, cu?ndo las salidas resultantes no puedan verificarse mediante actividades de seguimiento o medici?n posteriores;'),
(1027, 139, '8.5.1', 'deben incluir, cuando sea aplicable: la implementaci?n de acciones para prevenir los errores humanos;'),
(1028, 139, '8.5.1', 'deben incluir, cuando sea aplicable: la implementaci?n de actividades de liberaci?n, entrega y posteriores a la entrega.'),
(1029, 140, '8.5.2', 'debe utilizar los medios apropiados para identificar las salidas, cuando sea necesario, para asegurar la conformidad de los productos y servicios.'),
(1030, 140, '8.5.2', 'debe identificar el estado de las salidas con respecto a los requisitos de seguimiento y medici?n a trav?s de la producci?n y prestaci?n del servicio.'),
(1031, 140, '8.5.2', 'debe controlar la identificaci?n ?nica de las salidas cuando la trazabilidad '),
(1032, 140, '', ''),
(1033, 140, '8.5.2', 'debe conservar la informaci?n documentada necesaria para permitir la trazabilidad.'),
(1034, 141, '8.5.3', 'debe cuidar la propiedad perteneciente a los clientes o a proveedores externos mientras est? bajo el control de la organizaci?n o est? siendo utilizado por la misma.'),
(1035, 141, '8.5.3', 'debe identificar, verificar, proteger y salvaguardar la propiedad de los clientes o de los proveedores externos suministrada para su utilizaci?n o incorporaci?n dentro de los productos y servicios'),
(1036, 141, '8.5.3', 'debe informar de esto al cliente o proveedor externo y conservar la informaci?n documentada sobre lo ocurrido.'),
(1037, 142, '8.5.4', 'debe preservar las salidas durante la producci?n y prestaci?n del servicio, en la medida necesaria para asegurarse de la conformidad con los requisito'),
(1038, 143, '8.5.5', 'debe cumplir los requisitos para las actividades posteriores a la entrega asociadas con los productos y servicios'),
(1039, 143, '8.5.5', 'debe considerar: los requisitos legales y reglamentarios'),
(1040, 143, '8.5.5', 'debe considerar: las consecuencias potenciales no deseadas asociadas a sus productos y servicio'),
(1041, 143, '8.5.5', 'debe considerar:la naturaleza, el uso y la vida ?til prevista de sus productos y servicios;'),
(1042, 143, '8.5.5', 'debe considerar: los requisitos del cliente; la retroalimentaci?n del cliente.'),
(1043, 144, '8.5.6', 'debe cumplirdebe revisar y controlar los cambios para la producci?n o la prestaci?n del servicio, en la extensi?n necesaria para asegurarse de la continuidad en la conformidad con los requisitos'),
(1044, 144, '8.5.6', 'debe conservar informaci?n documentada que describa los resultados de la revisi?n de los cambios, las personas que autorizan el cambio y de cualquier acci?n necesaria que surja de la la revision'),
(1045, 145, '8.6', 'debe implementar las disposiciones planificadas, en las etapas adecuadas, para verificar que se cumplen los requisitos de los productos y servicios.'),
(1046, 145, '8.6', 'debe llevarse a cabo hasta que se hayan completado satisfactoriamente las disposiciones planificadas, a menos que sea aprobado de otra manera por una autoridad pertinente y cuando sea aplicable, por el cliente.'),
(1047, 145, '8.6', 'debe conservar la informaci?n documentada sobre la liberaci?n de los productos y servicios. La informaci?n documentada'),
(1048, 145, '8.6', 'debe incluir: evidencia de la conformidad con los criterios de aceptaci'),
(1049, 145, '8.6', 'debe incluir: trazabilidad a las personas que autorizan la liberaci'),
(1050, 146, '8.7.1', 'debe asegurarse de que las salidas que no sean conformes con sus requisitos se identifican y se controlan para prevenir su uso o entrega no intencionada'),
(1051, 146, '8.7.1', 'debe tomar las acciones adecuadas bas?ndose en la naturaleza de la no conformidad y en su efecto sobre la conformidad de los productos y servicios.'),
(1052, 146, '8.7.1', 'debe aplicar tambi?n a los productos y servicios no conformes detectados despu?s de la entrega de los productos, durante o despu?s de la provisi?n de los servicios.'),
(1053, 146, '8.7.1', 'debe tratar las salidas no conformes de una o m?s de las siguientes maneras: correcci'),
(1054, 146, '8.7.1', 'debe tratar separaci?n, contenci?n, devoluci?n o suspensi?n de provisi?n de productos y servicios;'),
(1055, 146, '8.7.1', 'debe tratar informaci?n al cliente:'),
(1056, 146, '8.7.1', 'debe tratar obtenci?n de autorizaci?n para su aceptaci?n bajo concesi'),
(1057, 146, '8.7.1', 'Debe tratar  verificarse la conformidad con los requisitos cuando se corrigen las salidas no conformes.'),
(1058, 146, '8.7.2', 'debe conservar la informaci?n documentada que: describa la no conformidad:'),
(1059, 146, '8.7.2', 'debe conservar la informaci?n documentada que: describa las acciones tomadas:'),
(1060, 146, '8.7.2', 'debe conservar la informaci?n documentada que: describa todas las concesiones obtenidas;'),
(1061, 146, '8.7.2', 'debe conservar la informaci?n documentada que: identifique la autoridad que decide la acci?n con respecto a la no conformidad.'),
(1062, 148, '9.1.1', 'debe determinar: qu? necesita seguimiento y medici'),
(1063, 148, '9.1.1', 'debe determinar: los m?todos de seguimiento, medici?n, an?lisis y evaluaci?n necesarios para asegurar resultados v?lidos;'),
(1064, 148, '9.1.1', ' deben llevar a cabo el seguimiento y la medici'),
(1065, 148, '9.1.1', 'debe  analizar y evaluar los resultados del seguimiento y la medici'),
(1066, 148, '9.1.1', 'debe evaluar el desempe?o y la eficacia del sistema de gesti?n de la calidad.'),
(1067, 148, '9.1.1', 'debe conservar la informaci?n documentada apropiada como evidencia de losresultados'),
(1068, 149, '9.1.2', 'debe realizar el seguimiento de las percepciones de los clientes del grado en que se cumplen sus necesidades y expectativas.'),
(1069, 149, '9.1.2', 'debe determinar los m?todos para obtener realizar el seguimiento y revisar esta informaci'),
(1070, 153, '9.1.3', 'debe analizar y evaluar los datos y la informaci?n apropiados que surgen por el seguimiento y la medici'),
(1071, 153, '9.1.3', 'deben utilizarse para evaluar: la conformidad de los productos y servicios;'),
(1072, 153, '9.1.3', 'deben utilizarse para evaluar: el grado de satisfacci?n del cliente;'),
(1073, 153, '9.1.3', 'deben utilizarse para evaluar: el desempe?o y la eficacia del sistema de gesti?n de la calidad;'),
(1074, 153, '9.1.3', 'deben utilizarse para evaluar: si lo planificado se ha implementado de forma eficaz;'),
(1075, 153, '9.1.3', 'deben utilizarse para evaluar: la eficacia de las acciones tomadas para abordar los riesgos y oportunidades;'),
(1076, 153, '9.1.3', 'deben utilizarse para evaluar: el desempe?o de los proveedores externos;'),
(1077, 153, '9.1.3', 'deben utilizarse para evaluar: la necesidad de mejoras en el sistema de gesti?n de la calidad.'),
(1078, 151, '9.2.1', 'debe llevar a cabo auditor?as internas a intervalos planificados para proporcionar informaci?n acerca de si el sistema de gesti?n de la calidad:'),
(1079, 151, '9.2.1', 'es conforme con: los requisitos propios de la organizaci?n para su sistema de gesti?n-de la calidad;'),
(1080, 151, '9.2.1', 'debe llebar a cabo los requisitos de esta Norma internacional;'),
(1081, 151, '9.2.1', 'debe llevar a cabo se implementa y mantiene eficazmente.'),
(1082, 151, '9.2.2', 'debe planificar, establecer, implementar y mantener uno o varios programas de auditor?a que incluyan la frecuencia, los m?todos, las responsabilidades, los requisitos de planificaci?n y la elaboraci?n de informes'),
(1083, 151, '9.2.2', 'deben tener en consideraci?n la importancia de los procesos involucrados, los cambios que afecten a la organizaci?n y los resultados de las auditor?as previas;'),
(1084, 151, '9.2.2', 'debe definir los criterios de la auditor?a y el alcance para cada auditor?a;'),
(1085, 151, '9.2.2', 'debe seleccionar los auditores y llevar a cabo auditor?as para asegurarse de la objetividad y la imparcialidad del proceso de auditor?a;'),
(1086, 151, '9.2.2', 'debe asegurarse de que los resultados de las auditor?as se informen a la direcci?n pertinente;'),
(1087, 151, '9.2.2', 'debe realizar las correcciones y tomar las acciones correctivas adecuadas sin demora injustificada;'),
(1088, 151, '9.2.2', 'debe conservar informaci?n documentada como evidencia de la implementaci?n del programa de auditor?a y de los resultados de las auditor?as.'),
(1089, 153, '9.3.1', 'debe revisar el sistema de gesti?n de la calidad de la organizaci?n a intervalos planificados, para asegurarse de su conveniencia, adecuaci?n, eficacia y alineaci?n continuas con la direcci?n estrat?gica de la organizaci'),
(1090, 155, '9.3.3', 'deben incluir las decisiones y acciones relacionadas con: las oportunidades de mejora;'),
(1091, 155, '9.3.3', 'debe incluir cualquier necesidad de cambio en el sistema de gesti?n de la calidad;'),
(1092, 155, '9.3.3', 'debe incluir : las necesidades de recursos. '),
(1093, 155, '9.3.3', 'debe conservar informaci?n documentada como evidencia de los resultados de las revisiones por la direcci'),
(1094, 156, '10.1', 'debe determinar y seleccionar las oportunidades de mejora e implementar cualquier acci?n necesaria para cumplir los requisitos del cliente y aumentar la satisfacci?n del cliente.'),
(1095, 156, '10.1', 'deben incluir: mejorar los productos y servicios para cumplir los requisitos, as? como considerar las necesidades y expectativas futuras;'),
(1096, 156, '10.1', 'deben incluir: corregir, prevenir o reducir los efectos no deseados;'),
(1097, 156, '10.1', 'deben incluir:mejorar el desempe?o y la eficacia del sistema de gesti?n de la calidad.'),
(1098, 157, '10.2.1', 'debe reaccionar ante la no conformidad y, cuando sea aplicable:'),
(1099, 157, '10.2.1', 'debe tomar acciones para controlarla y corregirla;'),
(1100, 157, '10.2.1', 'debe hacer frente a las consecuencias;'),
(1101, 157, '10.2.1', 'debe evaluar la necesidad de acciones para eliminar las causas de la no conformidad, con el fin de que no vuelva a ocurrir ni ocurra en otra parte, mediante: la revisi?n y el an?lisis de la no conformidad;'),
(1102, 157, '10.2.1', 'debe evaluar la determinaci?n de las causas de la no conformidad;'),
(1103, 157, '10.2.1', 'debe evaluar la determinaci?n de si existen no conformidades similares, o que potencialmente puedan ocurrir;'),
(1104, 157, '10.2.1', 'debe evaluar implementar cualquier acci?n necesaria'),
(1105, 157, '10.2.1', 'debe evaluar revisar la eficacia de cualquier acci?n correctiva tomada;'),
(1106, 157, '10.2.1', 'debe evaluar si fuera necesario, actualizar los riesgos y oportunidades determinados, durante la planificaci?n; y'),
(1107, 157, '10.2.1', 'debe evaluarsi fuera necesario, actualizar los riesgos y oportunidades determinados, durante la planificaci?n; y'),
(1108, 157, '10.2.1', 'debe evaluar si fuera necesario, hacer cambios al sistema de gesti?n de la calidad.,'),
(1109, 157, '10.2.1', 'deben ser apropiadas a los efectos de las no conformidades encontradas.'),
(1110, 157, '10.2.2', 'debe conservar informaci?n documentada tomo evidencia de: la naturaleza de las no conformidades y cualquier acci?n tomada posteriormente;'),
(1111, 157, '10.2.2', 'debe conservar los resultados de cualquier acci?n correctiva.'),
(1112, 158, '10.3', 'debe mejorar continuamente la conveniencia, adecuaci?n y eficacia del sistema de gesti?n de la calidad.'),
(1113, 158, '10.3', 'debe considerar los resultados del an?lisis y la evaluaci?n, y las salidas de la revisi?n por la direcci?n, para determinar si hay necesidades u oportunidades'),
(1114, 158, '10.3', 'deben considerarse como parte de la mejora continua.');

-- --------------------------------------------------------

--
-- Estructura de tabla para la tabla `empresas`
--

CREATE TABLE IF NOT EXISTS `empresas` (
`id` int(11) NOT NULL,
  `razonSocial` varchar(255) NOT NULL,
  `nit` int(11) NOT NULL,
  `usuario_id` int(11) NOT NULL,
  `tipo` varchar(255) NOT NULL,
  `direccion` varchar(255) NOT NULL,
  `reponsable` varchar(255) NOT NULL,
  `cargo` varchar(255) NOT NULL,
  `municipio` varchar(255) NOT NULL,
  `telefono` int(11) NOT NULL,
  `correo` varchar(255) NOT NULL,
  `created` date NOT NULL,
  `modified` date NOT NULL
) ENGINE=InnoDB  DEFAULT CHARSET=utf32 AUTO_INCREMENT=3 ;

--
-- Volcado de datos para la tabla `empresas`
--

INSERT INTO `empresas` (`id`, `razonSocial`, `nit`, `usuario_id`, `tipo`, `direccion`, `reponsable`, `cargo`, `municipio`, `telefono`, `correo`, `created`, `modified`) VALUES
(1, 'empresa 1', 12345, 0, 'educacion', 'SAD', 'ADS', 'ADS', 'SD', 12, 'AD@WE.COM', '2016-11-08', '2016-11-13'),
(2, 'empresa 2', 123456, 0, 'salud', '1111', 'pepe perez', 'director', 'cali', 3213123, 'EMPRESA2@gmail.com', '2016-11-13', '2016-11-13');

-- --------------------------------------------------------

--
-- Estructura de tabla para la tabla `indicesplanificacions`
--

CREATE TABLE IF NOT EXISTS `indicesplanificacions` (
`id` int(11) NOT NULL,
  `subnormaindice_id` int(11) NOT NULL,
  `planauditoria_id` int(11) NOT NULL,
  `created` date NOT NULL,
  `modified` date NOT NULL
) ENGINE=InnoDB  DEFAULT CHARSET=utf32 AUTO_INCREMENT=21 ;

--
-- Volcado de datos para la tabla `indicesplanificacions`
--

INSERT INTO `indicesplanificacions` (`id`, `subnormaindice_id`, `planauditoria_id`, `created`, `modified`) VALUES
(1, 51, 2, '2016-11-08', '2016-11-08'),
(2, 52, 2, '2016-11-08', '2016-11-08'),
(3, 53, 2, '2016-11-08', '2016-11-08'),
(4, 81, 4, '2016-11-10', '2016-11-10'),
(5, 82, 4, '2016-11-10', '2016-11-10'),
(6, 0, 0, '2016-11-10', '2016-11-10'),
(7, 106, 4, '2016-11-10', '2016-11-10'),
(8, 107, 4, '2016-11-10', '2016-11-10'),
(9, 108, 4, '2016-11-10', '2016-11-10'),
(10, 0, 0, '2016-11-10', '2016-11-10'),
(11, 37, 4, '2016-11-10', '2016-11-10'),
(12, 38, 4, '2016-11-10', '2016-11-10'),
(13, 0, 0, '2016-11-10', '2016-11-10'),
(14, 1, 5, '2016-11-13', '2016-11-13'),
(15, 0, 0, '2016-11-13', '2016-11-13'),
(16, 9, 6, '2016-11-13', '2016-11-13'),
(17, 10, 6, '2016-11-13', '2016-11-13'),
(18, 0, 0, '2016-11-13', '2016-11-13'),
(19, 51, 6, '2016-11-13', '2016-11-13'),
(20, 0, 0, '2016-11-13', '2016-11-13');

-- --------------------------------------------------------

--
-- Estructura de tabla para la tabla `informes`
--

CREATE TABLE IF NOT EXISTS `informes` (
`id` int(11) NOT NULL,
  `lista_id` int(11) NOT NULL,
  `planauditoria_id` int(11) NOT NULL,
  `observaciones` varchar(2500) NOT NULL,
  `tipo_hallazgo` varchar(255) NOT NULL,
  `aspecto_positivo` varchar(255) NOT NULL,
  `causas` varchar(2000) DEFAULT NULL,
  `correcciones` varchar(2000) DEFAULT NULL,
  `acciones` varchar(2000) DEFAULT NULL,
  `obs_revision` varchar(2000) DEFAULT NULL,
  `revision_fecha` date NOT NULL,
  `revision_estado` varchar(10) NOT NULL,
  `obs_aprobacion` varchar(2000) NOT NULL,
  `aprobacion_fecha` date NOT NULL,
  `aprobacion_estado` varchar(10) NOT NULL,
  `obs_verificacion` varchar(2000) NOT NULL,
  `verificacion_fecha` date NOT NULL,
  `verifiacion_estado` varchar(50) NOT NULL,
  `created` date NOT NULL,
  `modified` date NOT NULL
) ENGINE=InnoDB  DEFAULT CHARSET=utf8 AUTO_INCREMENT=12 ;

--
-- Volcado de datos para la tabla `informes`
--

INSERT INTO `informes` (`id`, `lista_id`, `planauditoria_id`, `observaciones`, `tipo_hallazgo`, `aspecto_positivo`, `causas`, `correcciones`, `acciones`, `obs_revision`, `revision_fecha`, `revision_estado`, `obs_aprobacion`, `aprobacion_fecha`, `aprobacion_estado`, `obs_verificacion`, `verificacion_fecha`, `verifiacion_estado`, `created`, `modified`) VALUES
(1, 24, 1, 'deben definir mecanismos para identificar, adquirir y disponer de los recursos necesarios para la realizaci?n de los procesos directivos', 'Mayor', '', NULL, NULL, NULL, NULL, '0000-00-00', '', '', '0000-00-00', '', '', '0000-00-00', '', '2016-11-06', '2016-11-06'),
(2, 30, 1, 'deben definir mecanismos para identificar, adquirir y disponer de los recursos necesarios para la realizaci?n de los procesos directivos', 'Menor', '', NULL, NULL, NULL, NULL, '0000-00-00', '', '', '0000-00-00', '', '', '0000-00-00', '', '2016-11-06', '2016-11-06'),
(3, 31, 1, 'deben definir mecanismos para identificar, adquirir y disponer de los recursos necesarios para la realizaci?n de los procesos directivos', 'Observacion', '', NULL, NULL, NULL, NULL, '0000-00-00', '', '', '0000-00-00', '', '', '0000-00-00', '', '2016-11-06', '2016-11-06'),
(4, 11, 6, 'deben definir mecanismos para identificar, adquirir y disponer de los recursos necesarios para la realizaci?n de los procesos directivos, de prestaci?n del servicio educativo y de soporte, as? como para asegurar la satisfacci?n de sus clientes ', 'Menor', '', NULL, NULL, NULL, NULL, '0000-00-00', '', '', '0000-00-00', '', '', '0000-00-00', '', '2016-11-14', '2016-11-14'),
(5, 9, 6, 'deben definir mecanismos para identificar, adquirir y disponer de los recursos necesarios para la realizaci?n de los procesos directivos, de prestaci?n del servicio educativo y de soporte, as? como para asegurar la satisfacci?n de sus clientes ', 'Menor', '', 'Lorem Ipsum es simplemente el texto de relleno de las imprentas y archivos de texto. Lorem Ipsum ha sido el texto de relleno estándar de las industrias desde el año 1500, cuando un impresor (N. del T. persona que se dedica a la imprenta) desconocido usó una galería de textos y los mezcló de tal manera que logró hacer un libro de textos especimen.', 'Lorem Ipsum es simplemente el texto de relleno de las imprentas y archivos de texto. Lorem Ipsum ha sido el texto de relleno estándar de las industrias desde el año 1500, cuando un impresor (N. del T. persona que se dedica a la imprenta) desconocido usó una galería de textos y los mezcló de tal manera que logró hacer un libro de textos especimen.', 'Lorem Ipsum es simplemente el texto de relleno de las imprentas y archivos de texto. Lorem Ipsum ha sido el texto de relleno estándar de las industrias desde el año 1500, cuando un impresor (N. del T. persona que se dedica a la imprenta) desconocido usó una galería de textos y los mezcló de tal manera que logró hacer un libro de textos especimen.', NULL, '0000-00-00', '', '', '0000-00-00', '', '', '0000-00-00', '', '2016-11-14', '2016-11-14'),
(6, 10, 6, 'deben definir mecanismos para identificar, adquirir y disponer de los recursos necesarios para la realizaci?n de los procesos directivos, de prestaci?n del servicio educativo y de soporte, as? como para asegurar la satisfacci?n de sus clientes ', 'Mayor', '', NULL, NULL, NULL, NULL, '0000-00-00', '', '', '0000-00-00', '', '', '0000-00-00', '', '2016-11-14', '2016-11-14'),
(7, 12, 6, 'deben definir mecanismos para identificar, adquirir y disponer de los recursos necesarios para la realizaci?n de los procesos directivos, de prestaci?n del servicio educativo y de soporte, as? como para asegurar la satisfacci?n de sus clientes ', 'Menor', '', '1. No se ha validado la totalidad de los planes de formación vs las evidencias requeridas por cada una de las\r\n\r\nnormas de competencias\r\n\r\n2. No se ha contemplado dentro de la etapa de la validación del desarrollo la verificación de los planes de\r\n\r\nformación.\r\n\r\n3. El personal responsable no cuenta con la capacitación para asegurar el seguimiento de la práctica empresarial\r\n\r\nde las diferentes empresas.\r\n\r\n4. No se ha establecido un mecanismo para validar los procesos de supervisión de la práctica empresarial\r\n\r\n5. La herramienta de seguimiento a práctica empresarial no contempla la validación por el coordinador académico', 'Ajustar los planes de formación correspondientes a los números 50651, 50905,\r\n\r\n47763, 50316, 51985, Realizar verificación de las supervisiones de los grupos que se\r\n\r\nencuentran en la práctica empresarial', '1.A Validar la totalidad de planes de formación vs las normas de competencia\r\n\r\n1.B Almacenar en el SIINFA los planes de formación validados para la disponibilidad\r\n\r\nde los asesores educativos.\r\n\r\n1.C Capacitación al acceso y manejo de los planes de formación a los asesores\r\n\r\neducativos.', NULL, '0000-00-00', '', '', '0000-00-00', '', '', '0000-00-00', '', '2016-11-14', '2016-11-14'),
(8, 13, 6, 'deben definir mecanismos para identificar, adquirir y disponer de los recursos necesarios para la realizaci?n de los procesos directivos, de prestaci?n del servicio educativo y de soporte, as? como para asegurar la satisfacci?n de sus clientes ', 'Menor', '', NULL, NULL, NULL, NULL, '0000-00-00', '', '', '0000-00-00', '', '', '0000-00-00', '', '2016-11-14', '2016-11-14'),
(9, 14, 6, 'deben definir mecanismos para identificar, adquirir y disponer de los recursos necesarios para la realizaci?n de los procesos directivos, de prestaci?n del servicio educativo y de soporte, as? como para asegurar la satisfacci?n de sus clientes ', 'Observacion', '', NULL, NULL, NULL, NULL, '0000-00-00', '', '', '0000-00-00', '', '', '0000-00-00', '', '2016-11-14', '2016-11-14'),
(10, 15, 4, 'coherente con las expectativas y necesidades del entorno productivo, econ?mico y social y los beneficiarios del servicio de formaci?n para el trabajo, con el direccionamiento estrat?gico expresado ', 'Mayor', 'si', 'coherente con las expectativas y necesidades del entorno productivo, econ?mico y social y los beneficiarios del servicio de formaci?n para el trabajo, con el direccionamiento estrat?gico expresado ', 'coherente con las expectativas y necesidades del entorno productivo, econ?mico y social y los beneficiarios del servicio de formaci?n para el trabajo, con el direccionamiento estrat?gico expresado ', 'coherente con las expectativas y necesidades del entorno productivo, econ?mico y social y los beneficiarios del servicio de formaci?n para el trabajo, con el direccionamiento estrat?gico expresado ', 'a', '2016-11-20', 'Si', 'q', '2016-11-20', 'Si', 'q', '2016-11-20', 'No Conformidad Pendiente', '2016-11-15', '2016-11-20'),
(11, 16, 4, 'coherente con las expectativas y necesidades del entorno productivo, econ?mico y social y los beneficiarios del servicio de formaci?n para el trabajo, con el direccionamiento estrat?gico expresado ', 'Menor', 'si', NULL, NULL, NULL, NULL, '0000-00-00', '', '', '0000-00-00', '', '', '0000-00-00', '', '2016-11-15', '2016-11-15');

-- --------------------------------------------------------

--
-- Estructura de tabla para la tabla `listas`
--

CREATE TABLE IF NOT EXISTS `listas` (
`id` int(11) NOT NULL,
  `planauditoria_id` int(11) NOT NULL,
  `debe_id` int(11) NOT NULL,
  `created` date NOT NULL,
  `modified` date NOT NULL
) ENGINE=InnoDB  DEFAULT CHARSET=utf8 AUTO_INCREMENT=201 ;

--
-- Volcado de datos para la tabla `listas`
--

INSERT INTO `listas` (`id`, `planauditoria_id`, `debe_id`, `created`, `modified`) VALUES
(1, 1, 1, '2016-11-08', '2016-11-08'),
(2, 1, 2, '2016-11-08', '2016-11-08'),
(3, 1, 3, '2016-11-08', '2016-11-08'),
(4, 1, 4, '2016-11-08', '2016-11-08'),
(5, 2, 81, '2016-11-10', '2016-11-10'),
(6, 2, 82, '2016-11-10', '2016-11-10'),
(7, 2, 83, '2016-11-10', '2016-11-10'),
(8, 2, 84, '2016-11-10', '2016-11-10'),
(9, 6, 328, '2016-11-14', '2016-11-14'),
(10, 6, 329, '2016-11-14', '2016-11-14'),
(11, 6, 81, '2016-11-14', '2016-11-14'),
(12, 6, 331, '2016-11-14', '2016-11-14'),
(13, 6, 332, '2016-11-14', '2016-11-14'),
(14, 6, 333, '2016-11-14', '2016-11-14'),
(15, 4, 30, '2016-11-15', '2016-11-15'),
(16, 4, 31, '2016-11-15', '2016-11-15'),
(17, 4, 32, '2016-11-15', '2016-11-15'),
(18, 4, 33, '2016-11-15', '2016-11-15'),
(19, 4, 34, '2016-11-18', '2016-11-18'),
(20, 4, 35, '2016-11-18', '2016-11-18'),
(21, 4, 36, '2016-11-18', '2016-11-18'),
(22, 4, 37, '2016-11-18', '2016-11-18'),
(23, 4, 38, '2016-11-18', '2016-11-18'),
(24, 4, 39, '2016-11-18', '2016-11-18'),
(25, 4, 40, '2016-11-18', '2016-11-18'),
(26, 4, 41, '2016-11-18', '2016-11-18'),
(27, 4, 42, '2016-11-18', '2016-11-18'),
(28, 4, 43, '2016-11-18', '2016-11-18'),
(29, 4, 44, '2016-11-18', '2016-11-18'),
(30, 4, 45, '2016-11-18', '2016-11-18'),
(31, 4, 46, '2016-11-18', '2016-11-18'),
(32, 4, 47, '2016-11-18', '2016-11-18'),
(33, 4, 48, '2016-11-18', '2016-11-18'),
(34, 4, 49, '2016-11-18', '2016-11-18'),
(35, 4, 50, '2016-11-18', '2016-11-18'),
(36, 4, 51, '2016-11-18', '2016-11-18'),
(37, 4, 52, '2016-11-18', '2016-11-18'),
(38, 4, 53, '2016-11-18', '2016-11-18'),
(39, 4, 54, '2016-11-18', '2016-11-18'),
(40, 4, 55, '2016-11-18', '2016-11-18'),
(41, 4, 56, '2016-11-18', '2016-11-18'),
(42, 4, 57, '2016-11-18', '2016-11-18'),
(43, 4, 58, '2016-11-18', '2016-11-18'),
(44, 4, 59, '2016-11-18', '2016-11-18'),
(45, 4, 60, '2016-11-18', '2016-11-18'),
(46, 4, 61, '2016-11-18', '2016-11-18'),
(47, 4, 62, '2016-11-18', '2016-11-18'),
(48, 4, 63, '2016-11-18', '2016-11-18'),
(49, 4, 64, '2016-11-18', '2016-11-18'),
(50, 4, 65, '2016-11-18', '2016-11-18'),
(51, 4, 66, '2016-11-18', '2016-11-18'),
(52, 4, 67, '2016-11-18', '2016-11-18'),
(53, 4, 68, '2016-11-18', '2016-11-18'),
(54, 4, 69, '2016-11-18', '2016-11-18'),
(55, 4, 70, '2016-11-18', '2016-11-18'),
(56, 4, 71, '2016-11-18', '2016-11-18'),
(57, 4, 72, '2016-11-18', '2016-11-18'),
(58, 4, 73, '2016-11-18', '2016-11-18'),
(59, 4, 74, '2016-11-18', '2016-11-18'),
(60, 4, 75, '2016-11-18', '2016-11-18'),
(61, 4, 76, '2016-11-18', '2016-11-18'),
(62, 4, 77, '2016-11-18', '2016-11-18'),
(63, 4, 78, '2016-11-18', '2016-11-18'),
(64, 4, 79, '2016-11-18', '2016-11-18'),
(65, 4, 80, '2016-11-18', '2016-11-18'),
(66, 4, 586, '2016-11-18', '2016-11-18'),
(67, 4, 587, '2016-11-18', '2016-11-18'),
(68, 4, 588, '2016-11-18', '2016-11-18'),
(69, 4, 889, '2016-11-18', '2016-11-18'),
(70, 4, 890, '2016-11-18', '2016-11-18'),
(71, 4, 891, '2016-11-18', '2016-11-18'),
(72, 4, 589, '2016-11-18', '2016-11-18'),
(73, 4, 892, '2016-11-18', '2016-11-18'),
(74, 4, 590, '2016-11-18', '2016-11-18'),
(75, 4, 893, '2016-11-18', '2016-11-18'),
(76, 4, 591, '2016-11-18', '2016-11-18'),
(77, 4, 592, '2016-11-18', '2016-11-18'),
(78, 4, 593, '2016-11-18', '2016-11-18'),
(79, 4, 594, '2016-11-18', '2016-11-18'),
(80, 4, 894, '2016-11-18', '2016-11-18'),
(81, 4, 895, '2016-11-18', '2016-11-18'),
(82, 4, 896, '2016-11-18', '2016-11-18'),
(83, 4, 897, '2016-11-18', '2016-11-18'),
(84, 4, 600, '2016-11-18', '2016-11-18'),
(85, 4, 601, '2016-11-18', '2016-11-18'),
(86, 4, 602, '2016-11-18', '2016-11-18'),
(87, 4, 903, '2016-11-18', '2016-11-18'),
(88, 4, 904, '2016-11-18', '2016-11-18'),
(89, 4, 905, '2016-11-18', '2016-11-18'),
(90, 4, 603, '2016-11-18', '2016-11-18'),
(91, 4, 604, '2016-11-18', '2016-11-18'),
(92, 4, 605, '2016-11-18', '2016-11-18'),
(93, 4, 606, '2016-11-18', '2016-11-18'),
(94, 4, 906, '2016-11-18', '2016-11-18'),
(95, 4, 907, '2016-11-18', '2016-11-18'),
(96, 4, 908, '2016-11-18', '2016-11-18'),
(97, 4, 909, '2016-11-18', '2016-11-18'),
(98, 4, 607, '2016-11-18', '2016-11-18'),
(99, 4, 608, '2016-11-18', '2016-11-18'),
(100, 4, 609, '2016-11-18', '2016-11-18'),
(101, 4, 610, '2016-11-18', '2016-11-18'),
(102, 4, 910, '2016-11-18', '2016-11-18'),
(103, 4, 911, '2016-11-18', '2016-11-18'),
(104, 4, 912, '2016-11-18', '2016-11-18'),
(105, 4, 913, '2016-11-18', '2016-11-18'),
(106, 4, 611, '2016-11-18', '2016-11-18'),
(107, 4, 612, '2016-11-18', '2016-11-18'),
(108, 4, 613, '2016-11-18', '2016-11-18'),
(109, 4, 614, '2016-11-18', '2016-11-18'),
(110, 4, 615, '2016-11-18', '2016-11-18'),
(111, 4, 914, '2016-11-18', '2016-11-18'),
(112, 4, 915, '2016-11-18', '2016-11-18'),
(113, 4, 916, '2016-11-18', '2016-11-18'),
(114, 4, 917, '2016-11-18', '2016-11-18'),
(115, 4, 918, '2016-11-18', '2016-11-18'),
(116, 4, 616, '2016-11-18', '2016-11-18'),
(117, 4, 617, '2016-11-18', '2016-11-18'),
(118, 4, 919, '2016-11-18', '2016-11-18'),
(119, 4, 920, '2016-11-18', '2016-11-18'),
(120, 4, 618, '2016-11-18', '2016-11-18'),
(121, 4, 619, '2016-11-18', '2016-11-18'),
(122, 4, 620, '2016-11-18', '2016-11-18'),
(123, 4, 921, '2016-11-18', '2016-11-18'),
(124, 4, 922, '2016-11-18', '2016-11-18'),
(125, 4, 923, '2016-11-18', '2016-11-18'),
(126, 4, 621, '2016-11-18', '2016-11-18'),
(127, 4, 622, '2016-11-18', '2016-11-18'),
(128, 4, 623, '2016-11-18', '2016-11-18'),
(129, 4, 624, '2016-11-18', '2016-11-18'),
(130, 4, 625, '2016-11-18', '2016-11-18'),
(131, 4, 626, '2016-11-18', '2016-11-18'),
(132, 4, 627, '2016-11-18', '2016-11-18'),
(133, 4, 628, '2016-11-18', '2016-11-18'),
(134, 4, 629, '2016-11-18', '2016-11-18'),
(135, 4, 924, '2016-11-18', '2016-11-18'),
(136, 4, 925, '2016-11-18', '2016-11-18'),
(137, 4, 926, '2016-11-18', '2016-11-18'),
(138, 4, 927, '2016-11-18', '2016-11-18'),
(139, 4, 928, '2016-11-18', '2016-11-18'),
(140, 4, 929, '2016-11-18', '2016-11-18'),
(141, 4, 930, '2016-11-18', '2016-11-18'),
(142, 4, 931, '2016-11-18', '2016-11-18'),
(143, 4, 932, '2016-11-18', '2016-11-18'),
(144, 4, 209, '2016-11-18', '2016-11-18'),
(145, 4, 210, '2016-11-18', '2016-11-18'),
(146, 4, 211, '2016-11-18', '2016-11-18'),
(147, 4, 212, '2016-11-18', '2016-11-18'),
(148, 4, 213, '2016-11-18', '2016-11-18'),
(149, 4, 214, '2016-11-18', '2016-11-18'),
(150, 4, 215, '2016-11-18', '2016-11-18'),
(151, 4, 216, '2016-11-18', '2016-11-18'),
(152, 4, 217, '2016-11-18', '2016-11-18'),
(153, 4, 218, '2016-11-18', '2016-11-18'),
(154, 4, 219, '2016-11-18', '2016-11-18'),
(155, 4, 220, '2016-11-18', '2016-11-18'),
(156, 4, 221, '2016-11-18', '2016-11-18'),
(157, 4, 222, '2016-11-18', '2016-11-18'),
(158, 4, 223, '2016-11-18', '2016-11-18'),
(159, 4, 224, '2016-11-18', '2016-11-18'),
(160, 4, 225, '2016-11-18', '2016-11-18'),
(161, 4, 226, '2016-11-18', '2016-11-18'),
(162, 4, 227, '2016-11-18', '2016-11-18'),
(163, 4, 228, '2016-11-18', '2016-11-18'),
(164, 4, 229, '2016-11-18', '2016-11-18'),
(165, 4, 230, '2016-11-18', '2016-11-18'),
(166, 4, 231, '2016-11-18', '2016-11-18'),
(167, 4, 232, '2016-11-18', '2016-11-18'),
(168, 4, 233, '2016-11-18', '2016-11-18'),
(169, 4, 234, '2016-11-18', '2016-11-18'),
(170, 4, 235, '2016-11-18', '2016-11-18'),
(171, 4, 236, '2016-11-18', '2016-11-18'),
(172, 4, 237, '2016-11-18', '2016-11-18'),
(173, 4, 238, '2016-11-18', '2016-11-18'),
(174, 4, 239, '2016-11-18', '2016-11-18'),
(175, 4, 240, '2016-11-18', '2016-11-18'),
(176, 4, 241, '2016-11-18', '2016-11-18'),
(177, 4, 242, '2016-11-18', '2016-11-18'),
(178, 4, 243, '2016-11-18', '2016-11-18'),
(179, 4, 244, '2016-11-18', '2016-11-18'),
(180, 4, 245, '2016-11-18', '2016-11-18'),
(181, 4, 246, '2016-11-18', '2016-11-18'),
(182, 4, 247, '2016-11-18', '2016-11-18'),
(183, 4, 248, '2016-11-18', '2016-11-18'),
(184, 4, 249, '2016-11-18', '2016-11-18'),
(185, 4, 250, '2016-11-18', '2016-11-18'),
(186, 4, 251, '2016-11-18', '2016-11-18'),
(187, 4, 252, '2016-11-18', '2016-11-18'),
(188, 4, 253, '2016-11-18', '2016-11-18'),
(189, 4, 254, '2016-11-18', '2016-11-18'),
(190, 4, 255, '2016-11-18', '2016-11-18'),
(191, 4, 256, '2016-11-18', '2016-11-18'),
(192, 4, 257, '2016-11-18', '2016-11-18'),
(193, 4, 258, '2016-11-18', '2016-11-18'),
(194, 4, 259, '2016-11-18', '2016-11-18'),
(195, 4, 260, '2016-11-18', '2016-11-18'),
(196, 4, 261, '2016-11-18', '2016-11-18'),
(197, 4, 262, '2016-11-18', '2016-11-18'),
(198, 4, 263, '2016-11-18', '2016-11-18'),
(199, 4, 264, '2016-11-18', '2016-11-18'),
(200, 4, 265, '2016-11-18', '2016-11-18');

-- --------------------------------------------------------

--
-- Estructura de tabla para la tabla `normagenerals`
--

CREATE TABLE IF NOT EXISTS `normagenerals` (
`id` int(11) NOT NULL,
  `descripcion` varchar(255) NOT NULL,
  `created` date NOT NULL,
  `modified` date NOT NULL
) ENGINE=InnoDB  DEFAULT CHARSET=utf32 AUTO_INCREMENT=10 ;

--
-- Volcado de datos para la tabla `normagenerals`
--

INSERT INTO `normagenerals` (`id`, `descripcion`, `created`, `modified`) VALUES
(1, 'ISO 9001:2008', '0000-00-00', '0000-00-00'),
(2, 'ISO 9001:2015', '0000-00-00', '0000-00-00'),
(3, 'ISO 14000:2015', '0000-00-00', '0000-00-00'),
(4, 'ISO 27000', '0000-00-00', '0000-00-00'),
(5, 'ISO---1', '0000-00-00', '0000-00-00'),
(6, 'ISO---2', '0000-00-00', '0000-00-00'),
(7, 'NTC 5555', '0000-00-00', '0000-00-00'),
(8, 'NTC 5663\r\n\r\n', '0000-00-00', '0000-00-00'),
(9, 'NTC 5581', '0000-00-00', '0000-00-00');

-- --------------------------------------------------------

--
-- Estructura de tabla para la tabla `planauditorias`
--

CREATE TABLE IF NOT EXISTS `planauditorias` (
`id` int(11) NOT NULL,
  `auditoria_id` int(11) NOT NULL,
  `proceso_id` int(11) NOT NULL,
  `fecha` date NOT NULL,
  `horaInicio` time NOT NULL,
  `horaFin` time NOT NULL,
  `cargo` varchar(255) NOT NULL,
  `reponsablecargo` varchar(255) NOT NULL,
  `auditor_apoyo` varchar(255) NOT NULL,
  `auditor_lider` varchar(255) NOT NULL,
  `expertotecnico` varchar(255) NOT NULL,
  `created` date NOT NULL,
  `modified` date NOT NULL
) ENGINE=InnoDB  DEFAULT CHARSET=utf32 AUTO_INCREMENT=7 ;

--
-- Volcado de datos para la tabla `planauditorias`
--

INSERT INTO `planauditorias` (`id`, `auditoria_id`, `proceso_id`, `fecha`, `horaInicio`, `horaFin`, `cargo`, `reponsablecargo`, `auditor_apoyo`, `auditor_lider`, `expertotecnico`, `created`, `modified`) VALUES
(1, 1, 1, '2016-11-08', '02:21:00', '04:54:00', 'DAADA', 'ASDSD', 'ADAS', 'ADAD', '', '2016-11-08', '2016-11-08'),
(2, 1, 1, '2016-11-08', '14:31:00', '03:12:00', 'DIRECTORA ADMIN', 'YIRLEAN SANCHEZ', 'FABIOLA GUZMAN', 'FABIAN MEZA', '', '2016-11-08', '2016-11-08'),
(3, 3, 1, '2016-11-11', '12:23:00', '14:00:00', 'DIRECTORA ADMIN', 'YIRLEAN SANCHEZ', 'FABIOLA GUZMAN', 'FABIAN MEZA', '', '2016-11-10', '2016-11-10'),
(4, 3, 1, '2016-11-11', '08:09:00', '00:00:00', 'oooo', 'ooo', 'kkkk', 'ooo', 'kkk', '2016-11-10', '2016-11-10'),
(5, 4, 2, '2016-11-14', '14:12:00', '02:13:00', 'coordinador', 'fulano casa', 'pepito perez1', 'pepito perez', 'pepito perez2', '2016-11-13', '2016-11-13'),
(6, 4, 3, '2016-11-15', '14:35:00', '14:55:00', 'coordinador', 'fulano casas1', 'pepito perez1', 'pepito perez', 'pepito perez2', '2016-11-13', '2016-11-13');

-- --------------------------------------------------------

--
-- Estructura de tabla para la tabla `procesos`
--

CREATE TABLE IF NOT EXISTS `procesos` (
`id` int(11) NOT NULL,
  `empresa_id` int(11) NOT NULL,
  `nombre` varchar(255) NOT NULL,
  `created` date NOT NULL
) ENGINE=InnoDB  DEFAULT CHARSET=utf8 AUTO_INCREMENT=6 ;

--
-- Volcado de datos para la tabla `procesos`
--

INSERT INTO `procesos` (`id`, `empresa_id`, `nombre`, `created`) VALUES
(1, 1, 'ASDASD', '2016-11-08'),
(2, 2, 'p1', '2016-11-13'),
(3, 2, 'p2', '2016-11-13'),
(4, 2, 'p3', '2016-11-13'),
(5, 2, 'p4', '2016-11-13');

-- --------------------------------------------------------

--
-- Estructura de tabla para la tabla `subnormaindices`
--

CREATE TABLE IF NOT EXISTS `subnormaindices` (
`id` int(11) NOT NULL,
  `numero` varchar(255) NOT NULL,
  `subnorma_id` int(11) NOT NULL,
  `descripcion` varchar(255) NOT NULL,
  `created` date NOT NULL,
  `modified` date NOT NULL
) ENGINE=InnoDB  DEFAULT CHARSET=utf32 AUTO_INCREMENT=227 ;

--
-- Volcado de datos para la tabla `subnormaindices`
--

INSERT INTO `subnormaindices` (`id`, `numero`, `subnorma_id`, `descripcion`, `created`, `modified`) VALUES
(1, '4.1', 4, 'REQUISITOS GENERALES', '0000-00-00', '0000-00-00'),
(2, '4.2', 4, 'REQUISITOS DE LA DOCUMENTACION', '0000-00-00', '0000-00-00'),
(3, '5.1', 5, 'COMPROMISO DE LA DIRECCION.   ', '0000-00-00', '0000-00-00'),
(4, '5.2', 5, 'ENFOQUE HACIA EL CLIENTE', '0000-00-00', '0000-00-00'),
(5, '5.3', 5, 'POLITICA DE CALIDAD', '0000-00-00', '0000-00-00'),
(6, '5.4', 5, 'PLANIFICACION', '0000-00-00', '0000-00-00'),
(7, '5.5', 5, 'RESPONSABILIDAD. AUTORIDAD y COMUNICACION', '0000-00-00', '0000-00-00'),
(8, '5.6', 5, 'REVISION POR PARTE DE LA DIRECCION', '0000-00-00', '0000-00-00'),
(9, '6.1', 6, 'PROVISION DE LOS RECURSOS', '0000-00-00', '0000-00-00'),
(10, '6.2', 6, 'RECURSOS HUMANOS', '0000-00-00', '0000-00-00'),
(11, '6.3', 6, 'INFRAESTRUCTURA', '0000-00-00', '0000-00-00'),
(12, '6.4', 6, 'AMBIENTE DE TRABAJO', '0000-00-00', '0000-00-00'),
(13, '7.1', 7, 'PLANIFICACION DE LA REALIZACION DEL PRODUCTO ', '0000-00-00', '0000-00-00'),
(14, '7.2', 7, 'PROCESOS RELACIONADOS CON EL CLIENTE', '0000-00-00', '0000-00-00'),
(15, '7.3', 7, 'DISEÑO Y/O DESARROLLO', '0000-00-00', '0000-00-00'),
(16, '7.4', 7, 'COMPRAS', '0000-00-00', '0000-00-00'),
(17, '7.5', 7, 'PRODUCCION Y PRESTACION DEL SERVICIO   ', '0000-00-00', '0000-00-00'),
(18, '7.6', 7, 'CONTROL DE EQUIPOS DE INSPECCION.  MEDICION Y ENSAYO', '0000-00-00', '0000-00-00'),
(19, '8.1', 8, 'GENERALIDADES', '0000-00-00', '0000-00-00'),
(20, '8.2', 8, 'SEGUIMIENTO Y MEDICION', '0000-00-00', '0000-00-00'),
(21, '8.2.1', 8, 'Medición de la satisfacción del cliente', '0000-00-00', '0000-00-00'),
(22, '8.2.2', 8, 'Auditorias', '0000-00-00', '0000-00-00'),
(23, '8.2.3', 8, 'Seguimiento y Medición de los Procesos', '0000-00-00', '0000-00-00'),
(24, '8.2.4', 8, 'Seguimiento y Medición del producto', '0000-00-00', '0000-00-00'),
(25, '8.3', 8, 'CONTROL DEL PRODUCTO NO CONFORME', '0000-00-00', '0000-00-00'),
(26, '8.4', 8, 'ANALISIS DE DATOS', '0000-00-00', '0000-00-00'),
(27, '8.5', 8, 'MEJORA ', '0000-00-00', '0000-00-00'),
(28, '8.5.1', 8, 'Mejora Continua', '0000-00-00', '0000-00-00'),
(29, '8.5.2', 8, 'Acciones correctivas', '0000-00-00', '0000-00-00'),
(30, '8.5.3', 8, 'Acciones preventivas', '0000-00-00', '0000-00-00'),
(31, '4.1', 19, 'REQUISITOS GENERALES', '0000-00-00', '0000-00-00'),
(32, '4.2', 19, ' REQUISITOS DE LA DOCUMENTACI?N', '0000-00-00', '0000-00-00'),
(33, '4.2.1', 19, 'Generalidades', '0000-00-00', '0000-00-00'),
(34, '4.2.2', 19, 'Manual de la calidad', '0000-00-00', '0000-00-00'),
(35, '4.2.3', 19, ' El control de los documentos en las instituciones de formaci?n para el trabajo', '0000-00-00', '0000-00-00'),
(36, '4.2.4', 19, 'Control de registros en las instituciones de formaci?n para el trabajo', '0000-00-00', '0000-00-00'),
(37, '5.1', 20, 'COMPROMISO  DE  LA  DIRECCI?N  DE  LAS  INSTITUCIONES  DE  FORMACI?N PARA EL TRABAJO', '0000-00-00', '0000-00-00'),
(38, '5.2', 20, 'ENFOQUE AL CLIENTE', '0000-00-00', '0000-00-00'),
(39, '5.3', 20, ' LA POLóTICA DE LA CALIDAD EN LAS INSTITUCIONES DE FORMACIÓN PARA EL TRABAJO', '0000-00-00', '0000-00-00'),
(40, '5.4', 20, ' PLANIFICACI?N', '0000-00-00', '0000-00-00'),
(41, '5.4.1', 20, 'OBJETIVOS DE LA CALIDAD', '0000-00-00', '0000-00-00'),
(42, '5.4.2', 20, 'Planificacion  del  sistema  de  gesti?n  de  la  calidad  en  los  establecimientos educativos', '0000-00-00', '0000-00-00'),
(43, '5.5', 20, 'RESPONSABILIDAD, AUTORIDAD Y COMUNICACIoN', '0000-00-00', '0000-00-00'),
(44, '5.5.1', 20, 'Responsabilidad y autoridad en las instituciones de formaci?n para el trabajo', '0000-00-00', '0000-00-00'),
(45, '5.5.2', 20, 'El representante de la direccion en las instituciones de formaci?n para el trabajo', '0000-00-00', '0000-00-00'),
(46, '5.5.3', 20, 'La comunicacion interna en las instituciones de formaci?n para el trabajo', '0000-00-00', '0000-00-00'),
(47, '5.6', 20, 'REVISION POR LA DIRECCI?N DE LAS INSTITUCIONES DE FORMACI?N PARA EL TRABAJO', '0000-00-00', '0000-00-00'),
(48, '5.6.1', 20, 'Generalidades', '0000-00-00', '0000-00-00'),
(49, '5.6.2', 20, 'Información para la revisión en las instituciones de formación para el trabajo', '0000-00-00', '0000-00-00'),
(50, '5.6.3', 20, 'Resultados de la revisión en las instituciones de formación para el trabajo', '0000-00-00', '0000-00-00'),
(51, '6.1', 21, 'PROVISI?N DE LOS RECURSOS EN LAS INSTITUCIONES DE FORMACI?N PARA EL TRABAJO', '0000-00-00', '0000-00-00'),
(52, '6.2', 21, 'TALENTO HUMANO EN LAS INSTITUCIONES DE FORMACI?N PARA EL TRABAJO', '0000-00-00', '0000-00-00'),
(53, '6.2.1', 21, 'Generalidades', '0000-00-00', '0000-00-00'),
(54, '6.2.2', 21, 'Competencia,  toma  de  conciencia  y  formaci?n  del  talento  humano  de  las instituciones de formaci?n para el trabajo', '0000-00-00', '0000-00-00'),
(55, '6.3', 21, 'INFRAESTRUCTURA EN LAS INSTITUCIONES DE FORMACI?N PARA EL TRABAJO', '0000-00-00', '0000-00-00'),
(56, '6.4', 21, 'AMBIENTE DE  TRABAJO EN  LAS INSTITUCIONES DE  FORMACI?N PARA EL TRABAJO', '0000-00-00', '0000-00-00'),
(57, '7.1', 22, 'PLANIFICACION DE LOS SERVICIOS DE FORMACI?N PARA EL TRABAJO', '0000-00-00', '0000-00-00'),
(58, '7.2', 22, 'PROCESOS RELACIONADOS CON EL CLIENTE', '0000-00-00', '0000-00-00'),
(59, '7.2.1', 22, 'Determinacion de los requisitos relacionados con el servicio de formacion para el trabajo.', '0000-00-00', '0000-00-00'),
(60, '7.2.2', 22, 'Revisi?n de los requisitos relacionados con el  servicio de formaci?n para el trabajo', '0000-00-00', '0000-00-00'),
(61, '7.2.3', 22, 'Comunicaci?n con el cliente en los establecimientos educativos', '0000-00-00', '0000-00-00'),
(62, '7.3', 22, 'DISE?O Y DESARROLLO', '0000-00-00', '0000-00-00'),
(63, '7.3.1', 22, 'Planificaci?n', '0000-00-00', '0000-00-00'),
(64, '7.3.2', 22, 'Elementos de entrada para el dise?o y desarrollo', '0000-00-00', '0000-00-00'),
(65, '7.3.3', 22, 'Resultados del dise?o y desarrollo', '0000-00-00', '0000-00-00'),
(66, '7.3.4', 22, 'Revisi?n del dise?o y desarrollo', '0000-00-00', '0000-00-00'),
(67, '7.3.5', 22, 'Verificaci?n del dise?o y desarrollo', '0000-00-00', '0000-00-00'),
(68, '7.3.6', 22, 'Validaci?n del dise?o y desarrollo', '0000-00-00', '0000-00-00'),
(69, '7.3.7', 22, 'Control de los cambios del dise?o y desarrollo', '0000-00-00', '0000-00-00'),
(70, '7.4', 22, 'COMPRAS', '0000-00-00', '0000-00-00'),
(71, '7.4.1', 22, ' Proceso de compras', '0000-00-00', '0000-00-00'),
(72, '7.4.2', 22, 'Informaci?n de las compras', '0000-00-00', '0000-00-00'),
(73, '7.4.3', 22, 'Verificaci?n de los productos comprados', '0000-00-00', '0000-00-00'),
(74, '7.5', 22, 'PROCESO EDUCATIVO Y PRESTACI?N DEL SERVICIO', '0000-00-00', '0000-00-00'),
(75, '7.5.1', 22, 'Control del proceso educativo y de la prestaci?n del servicio', '0000-00-00', '0000-00-00'),
(76, '7.5.2', 22, 'Validaci?n de los procesos de la producci?n y de la prestaci?n del servicio en las instituciones de formaci?n para el trabajo', '0000-00-00', '0000-00-00'),
(77, '7.5.3', 22, 'Identificaci?n y trazabilidad en las instituciones de formaci?n para el trabajo', '0000-00-00', '0000-00-00'),
(78, '7.5.4', 22, 'Propiedad del cliente', '0000-00-00', '0000-00-00'),
(79, '7.5.5', 22, 'Preservaci?n del producto en las instituciones de formaci?n para el trabajo', '0000-00-00', '0000-00-00'),
(80, '7.6', 22, 'CONTROL  DE  LOS  DISPOSITIVOS  DE  SEGUIMIENTO  Y  MEDICI?N  EN  LAS INSTITUCIONES DE FORMACI?N PARA EL TRABAJO', '0000-00-00', '0000-00-00'),
(81, '8.1', 23, 'GENERALIDADES', '0000-00-00', '0000-00-00'),
(82, '8.2', 23, 'SEGUIMIENTO Y MEDICION', '0000-00-00', '0000-00-00'),
(83, '8.2.1', 23, 'Satisfacci?n del cliente', '0000-00-00', '0000-00-00'),
(84, '8.2.2', 23, 'Auditor?a interna', '0000-00-00', '0000-00-00'),
(85, '8.2.3', 23, 'Seguimiento y medici?n de los procesos', '0000-00-00', '0000-00-00'),
(86, '8.2.4', 23, 'Seguimiento y medici?n del servicio de formaci?n para el trabajo', '0000-00-00', '0000-00-00'),
(87, '8.3', 23, 'CONTROL DE LAS NO CONFORMIDADES EN LOS PROCESOS DE LA INSTITUCI?N', '0000-00-00', '0000-00-00'),
(88, '8.4', 23, 'AN?LISIS DE DATOS', '0000-00-00', '0000-00-00'),
(89, '8.5', 23, 'MEJORA', '0000-00-00', '0000-00-00'),
(90, '8.5.1', 23, 'Mejora continua', '0000-00-00', '0000-00-00'),
(91, '8.5.2', 23, 'Acci?n correctiva en las instituciones de formaci?n para el trabajo', '0000-00-00', '0000-00-00'),
(92, '8.5.3', 23, ' Acci?n preventiva en las instituciones de formaci?n para el trabajo', '0000-00-00', '0000-00-00'),
(93, '4.1', 9, 'Conociemiento de la organizaci?n y de su contexto', '0000-00-00', '0000-00-00'),
(94, '4.2', 9, 'Comprensi?n de las necesidades y expectativas de las partes interesadas', '0000-00-00', '0000-00-00'),
(95, '4.3', 9, 'Determinaci?n del alcance del sistema de gesti?n de calidad', '0000-00-00', '0000-00-00'),
(96, '5.1', 10, 'Liderazgo y compromiso', '0000-00-00', '0000-00-00'),
(97, '5.1.1', 10, 'Generalidades', '0000-00-00', '0000-00-00'),
(98, '5.1.2', 10, 'Enfoque al cliente', '0000-00-00', '0000-00-00'),
(99, '5.2', 10, 'Politica', '0000-00-00', '0000-00-00'),
(100, '5.2.1 ', 10, 'Establecimiento de la politica de calidad', '0000-00-00', '0000-00-00'),
(101, '5.2.2', 10, 'Comunicaci?n de la politica de la calidad', '0000-00-00', '0000-00-00'),
(102, '5.3', 10, 'Roles, reponsabilidad y autoridad en la organizaci', '0000-00-00', '0000-00-00'),
(103, '6.1', 11, 'Acciones para abordar riesgos y oportunidades', '0000-00-00', '0000-00-00'),
(104, '6.2', 11, 'Objetivos de la calidad y planificaci?n para lograrlos', '0000-00-00', '0000-00-00'),
(105, '6.3', 11, 'Planificaci?n de los cambios', '0000-00-00', '0000-00-00'),
(106, '7.1', 12, 'Recursos', '0000-00-00', '0000-00-00'),
(107, '7.1.1', 12, 'Generalidades', '0000-00-00', '0000-00-00'),
(108, '7.1.2', 12, 'Personas', '0000-00-00', '0000-00-00'),
(109, '7.1.3 ', 12, 'Infraestrutura', '0000-00-00', '0000-00-00'),
(110, '7.1.4', 12, 'Ambiente para la operaci?n de los procesos', '0000-00-00', '0000-00-00'),
(111, '7.1.5', 12, 'Recursos de seguimiento y medici', '0000-00-00', '0000-00-00'),
(112, '7.1.5.1', 12, 'Trazabilidad de las mediciones', '0000-00-00', '0000-00-00'),
(113, '7.1.6', 12, 'Conocimientos de la organizaci', '0000-00-00', '0000-00-00'),
(114, '7.2', 12, 'Competencia', '0000-00-00', '0000-00-00'),
(115, '7.3', 12, 'Toma de conciencia', '0000-00-00', '0000-00-00'),
(116, '7.4', 12, 'Comunicaci', '0000-00-00', '0000-00-00'),
(117, '7.5', 12, 'Informaci?n documentada', '0000-00-00', '0000-00-00'),
(118, '7.5.1', 12, 'Generalidades', '0000-00-00', '0000-00-00'),
(119, '7.5.2', 12, 'Creaci?n y actualizaci', '0000-00-00', '0000-00-00'),
(120, '7.5.3', 12, 'Control de la informaci?n documentada', '0000-00-00', '0000-00-00'),
(121, '8.1', 13, 'Planificaci?n y control operacional', '0000-00-00', '0000-00-00'),
(122, '8.2', 13, 'Requisitos para los productos y servicios', '0000-00-00', '0000-00-00'),
(123, '8.2.1', 13, 'Comunicaci?n con el cliente', '0000-00-00', '0000-00-00'),
(124, '8.2.2', 13, 'Determinaci?n de los requisitos para los productos y servicios', '0000-00-00', '0000-00-00'),
(125, '8.2.3', 13, 'Revisi?n de los requisitos para los productos y servicios', '0000-00-00', '0000-00-00'),
(126, '8.2.4', 13, 'Cambios en los requisitos para los productos y servicios', '0000-00-00', '0000-00-00'),
(127, '8.3', 13, 'Dise?o y desarrollo de los productos y servicios', '0000-00-00', '0000-00-00'),
(128, '8.3.1', 13, 'Generalidades', '0000-00-00', '0000-00-00'),
(129, '8.3.2', 13, 'Planificaci?n del dise?o y desarrollo', '0000-00-00', '0000-00-00'),
(130, '8.3.3', 13, 'Entradas para el dise?o y desarrollo', '0000-00-00', '0000-00-00'),
(131, '8.3.4', 13, 'Controles del dise?o y desarrollo', '0000-00-00', '0000-00-00'),
(132, '8.3.5', 13, 'Salidas del dise?o y desarrollo', '0000-00-00', '0000-00-00'),
(133, '8.3.6', 13, 'Cambios del dise?o y desarrollo', '0000-00-00', '0000-00-00'),
(134, '8.4', 13, 'Control de los procesos, productos y servicios suministrados externamente', '0000-00-00', '0000-00-00'),
(135, '8.4.1', 13, 'Generalidades', '0000-00-00', '0000-00-00'),
(136, '8.4.2', 13, 'Tipo y alcance del control', '0000-00-00', '0000-00-00'),
(137, '8.4.3', 13, 'Informaci?n para los proveedores externos', '0000-00-00', '0000-00-00'),
(138, '8.5', 13, 'Producci?n y provisi?n del servicio', '0000-00-00', '0000-00-00'),
(139, '8.5.1', 13, 'Control de la producci?n y de la provisi?n del servicio', '0000-00-00', '0000-00-00'),
(140, '8.5.2', 13, 'Identificaci?n y trazabilidad', '0000-00-00', '0000-00-00'),
(141, '8.5.3', 13, 'Propiedad perteneciente a los clientes o proveedores externos', '0000-00-00', '0000-00-00'),
(142, '8.5.4', 13, 'Preservaci', '0000-00-00', '0000-00-00'),
(143, '8.5.5', 13, 'Actividades posteriores a la entrega', '0000-00-00', '0000-00-00'),
(144, '8.5.6', 13, 'Control de los cambios', '0000-00-00', '0000-00-00'),
(145, '8.6', 13, 'Liberaci?n de los productos y servicios', '0000-00-00', '0000-00-00'),
(146, '8.7', 13, 'Control de las salidas no conformes', '0000-00-00', '0000-00-00'),
(147, '9.1', 14, 'Seguimiento, medici?n, an?lisis y evaluaci', '0000-00-00', '0000-00-00'),
(148, '9.1.1', 14, 'Generalidades', '0000-00-00', '0000-00-00'),
(149, '9.1.2', 14, 'Satisfacci?n del cliente', '0000-00-00', '0000-00-00'),
(150, '9.1.3', 14, 'An?lisis y evaluaci', '0000-00-00', '0000-00-00'),
(151, '9.2', 14, 'Auditoria interna', '0000-00-00', '0000-00-00'),
(152, '9.3', 14, 'Revisi?n por la direcci', '0000-00-00', '0000-00-00'),
(153, '9.3.1', 14, 'Generalidades', '0000-00-00', '0000-00-00'),
(154, '9.3.2', 14, 'Entradas de la revisi?n por la direcci', '0000-00-00', '0000-00-00'),
(155, '9.3.3', 14, 'Salidas de la revisión por la direccion', '0000-00-00', '0000-00-00'),
(156, '10.1', 15, 'Generalidades', '0000-00-00', '0000-00-00'),
(157, '10.2', 15, 'No conformidad y acción correctiva', '0000-00-00', '0000-00-00'),
(158, '10.3', 15, 'Mejora continua', '0000-00-00', '0000-00-00'),
(161, '4.1', 9, 'Conociemiento de la organizaci?n y de su contexto', '0000-00-00', '0000-00-00'),
(162, '4.2', 9, 'Comprensi?n de las necesidades y expectativas de las partes interesadas', '0000-00-00', '0000-00-00'),
(163, '4.3', 9, 'Determinaci?n del alcance del sistema de gesti?n de calidad', '0000-00-00', '0000-00-00'),
(164, '5.1', 10, 'Liderazgo y compromiso', '0000-00-00', '0000-00-00'),
(165, '5.1.1', 10, 'Generalidades', '0000-00-00', '0000-00-00'),
(166, '5.1.2', 10, 'Enfoque al cliente', '0000-00-00', '0000-00-00'),
(167, '5.2', 10, 'Politica', '0000-00-00', '0000-00-00'),
(168, '5.2.1 ', 10, 'Establecimiento de la politica de calidad', '0000-00-00', '0000-00-00'),
(169, '5.2.2', 10, 'Comunicaci?n de la politica de la calidad', '0000-00-00', '0000-00-00'),
(170, '5.3', 10, 'Roles, reponsabilidad y autoridad en la organizaci', '0000-00-00', '0000-00-00'),
(171, '6.1', 11, 'Acciones para abordar riesgos y oportunidades', '0000-00-00', '0000-00-00'),
(172, '6.2', 11, 'Objetivos de la calidad y planificaci?n para lograrlos', '0000-00-00', '0000-00-00'),
(173, '6.3', 11, 'Planificaci?n de los cambios', '0000-00-00', '0000-00-00'),
(174, '7.1', 12, 'Recursos', '0000-00-00', '0000-00-00'),
(175, '7.1.1', 12, 'Generalidades', '0000-00-00', '0000-00-00'),
(176, '7.1.2', 12, 'Personas', '0000-00-00', '0000-00-00'),
(177, '7.1.3 ', 12, 'Infraestrutura', '0000-00-00', '0000-00-00'),
(178, '7.1.4', 12, 'Ambiente para la operaci?n de los procesos', '0000-00-00', '0000-00-00'),
(179, '7.1.5', 12, 'Recursos de seguimiento y medici', '0000-00-00', '0000-00-00'),
(180, '7.1.5.1', 12, 'Trazabilidad de las mediciones', '0000-00-00', '0000-00-00'),
(181, '7.1.6', 12, 'Conocimientos de la organizaci', '0000-00-00', '0000-00-00'),
(182, '7.2', 12, 'Competencia', '0000-00-00', '0000-00-00'),
(183, '7.3', 12, 'Toma de conciencia', '0000-00-00', '0000-00-00'),
(184, '7.4', 12, 'Comunicaci', '0000-00-00', '0000-00-00'),
(185, '7.5', 12, 'Informaci?n documentada', '0000-00-00', '0000-00-00'),
(186, '7.5.1', 12, 'Generalidades', '0000-00-00', '0000-00-00'),
(187, '7.5.2', 12, 'Creaci?n y actualizaci', '0000-00-00', '0000-00-00'),
(188, '7.5.3', 12, 'Control de la informaci?n documentada', '0000-00-00', '0000-00-00'),
(189, '8.1', 13, 'Planificaci?n y control operacional', '0000-00-00', '0000-00-00'),
(190, '8.2', 13, 'Requisitos para los productos y servicios', '0000-00-00', '0000-00-00'),
(191, '8.2.1', 13, 'Comunicaci?n con el cliente', '0000-00-00', '0000-00-00'),
(192, '8.2.2', 13, 'Determinaci?n de los requisitos para los productos y servicios', '0000-00-00', '0000-00-00'),
(193, '8.2.3', 13, 'Revisi?n de los requisitos para los productos y servicios', '0000-00-00', '0000-00-00'),
(194, '8.2.4', 13, 'Cambios en los requisitos para los productos y servicios', '0000-00-00', '0000-00-00'),
(195, '8.3', 13, 'Dise?o y desarrollo de los productos y servicios', '0000-00-00', '0000-00-00'),
(196, '8.3.1', 13, 'Generalidades', '0000-00-00', '0000-00-00'),
(197, '8.3.2', 13, 'Planificaci?n del dise?o y desarrollo', '0000-00-00', '0000-00-00'),
(198, '8.3.3', 13, 'Entradas para el dise?o y desarrollo', '0000-00-00', '0000-00-00'),
(199, '8.3.4', 13, 'Controles del dise?o y desarrollo', '0000-00-00', '0000-00-00'),
(200, '8.3.5', 13, 'Salidas del dise?o y desarrollo', '0000-00-00', '0000-00-00'),
(201, '8.3.6', 13, 'Cambios del dise?o y desarrollo', '0000-00-00', '0000-00-00'),
(202, '8.4', 13, 'Control de los procesos, productos y servicios suministrados externamente', '0000-00-00', '0000-00-00'),
(203, '8.4.1', 13, 'Generalidades', '0000-00-00', '0000-00-00'),
(204, '8.4.2', 13, 'Tipo y alcance del control', '0000-00-00', '0000-00-00'),
(205, '8.4.3', 13, 'Informaci?n para los proveedores externos', '0000-00-00', '0000-00-00'),
(206, '8.5', 13, 'Producci?n y provisi?n del servicio', '0000-00-00', '0000-00-00'),
(207, '8.5.1', 13, 'Control de la producci?n y de la provisi?n del servicio', '0000-00-00', '0000-00-00'),
(208, '8.5.2', 13, 'Identificaci?n y trazabilidad', '0000-00-00', '0000-00-00'),
(209, '8.5.3', 13, 'Propiedad perteneciente a los clientes o proveedores externos', '0000-00-00', '0000-00-00'),
(210, '8.5.4', 13, 'Preservaci', '0000-00-00', '0000-00-00'),
(211, '8.5.5', 13, 'Actividades posteriores a la entrega', '0000-00-00', '0000-00-00'),
(212, '8.5.6', 13, 'Control de los cambios', '0000-00-00', '0000-00-00'),
(213, '8.6', 13, 'Liberaci?n de los productos y servicios', '0000-00-00', '0000-00-00'),
(214, '8.7', 13, 'Control de las salidas no conformes', '0000-00-00', '0000-00-00'),
(215, '9.1', 14, 'Seguimiento, medici?n, an?lisis y evaluaci', '0000-00-00', '0000-00-00'),
(216, '9.1.1', 14, 'Generalidades', '0000-00-00', '0000-00-00'),
(217, '9.1.2', 14, 'Satisfacci?n del cliente', '0000-00-00', '0000-00-00'),
(218, '9.1.3', 14, 'An?lisis y evaluaci', '0000-00-00', '0000-00-00'),
(219, '9.2', 14, 'Auditoria interna', '0000-00-00', '0000-00-00'),
(220, '9.3', 14, 'Revisi?n por la direcci', '0000-00-00', '0000-00-00'),
(221, '9.3.1', 14, 'Generalidades', '0000-00-00', '0000-00-00'),
(222, '9.3.2', 14, 'Entradas de la revisi?n por la direcci', '0000-00-00', '0000-00-00'),
(223, '9.3.3', 15, 'Salidas de la revisi?n por la direcci', '0000-00-00', '0000-00-00'),
(224, '10.1', 15, 'Generalidades', '0000-00-00', '0000-00-00'),
(225, '10.2', 15, 'No conformidad y acci?n correctiva', '0000-00-00', '0000-00-00'),
(226, '10.3', 15, 'Mejora continua', '0000-00-00', '0000-00-00');

-- --------------------------------------------------------

--
-- Estructura de tabla para la tabla `subnormas`
--

CREATE TABLE IF NOT EXISTS `subnormas` (
`id` int(11) NOT NULL,
  `normageneral_id` int(11) NOT NULL,
  `descripcion` varchar(255) NOT NULL,
  `numero` int(11) NOT NULL,
  `created` date NOT NULL,
  `modified` date NOT NULL
) ENGINE=InnoDB  DEFAULT CHARSET=utf32 AUTO_INCREMENT=86 ;

--
-- Volcado de datos para la tabla `subnormas`
--

INSERT INTO `subnormas` (`id`, `normageneral_id`, `descripcion`, `numero`, `created`, `modified`) VALUES
(1, 1, 'Objeto y campo de aplicacion', 1, '2016-10-15', '2016-10-15'),
(2, 1, 'referencias normativas', 2, '2016-10-15', '2016-10-15'),
(3, 1, 'terminos y definiciones', 3, '2016-10-15', '2016-10-15'),
(4, 1, 'sistema de gestión de la calidad', 4, '2016-10-15', '2016-10-15'),
(5, 1, 'reponsabilidades de la direcion', 5, '2016-10-15', '2016-10-15'),
(6, 1, 'gestion de los recursos', 6, '2016-10-15', '2016-10-15'),
(7, 1, 'realizacion del producto', 7, '2016-10-15', '2016-10-15'),
(8, 1, 'medicion, analisis y mejora', 8, '2016-10-15', '2016-10-15'),
(9, 2, 'Contexto de la organizacion', 4, '0000-00-00', '0000-00-00'),
(10, 2, 'Liderazgo', 5, '0000-00-00', '0000-00-00'),
(11, 2, 'Planificacion', 6, '0000-00-00', '0000-00-00'),
(12, 2, 'Soporte', 7, '0000-00-00', '0000-00-00'),
(13, 2, 'Operaciones', 8, '0000-00-00', '0000-00-00'),
(14, 2, 'Evaluacion del desempeño', 9, '0000-00-00', '0000-00-00'),
(15, 2, 'Mejora', 10, '0000-00-00', '0000-00-00'),
(16, 7, 'Objeto y campo de aplicacion', 1, '0000-00-00', '0000-00-00'),
(17, 7, 'Referencias normativas', 2, '0000-00-00', '0000-00-00'),
(18, 7, 'Términos y definiciones aplicables a esta norma', 3, '0000-00-00', '0000-00-00'),
(19, 7, 'Sistema de gestión de la calidad', 4, '0000-00-00', '0000-00-00'),
(20, 7, 'Responsabilidad de la dirección', 5, '0000-00-00', '0000-00-00'),
(21, 7, 'Gestion de los recursos', 6, '0000-00-00', '0000-00-00'),
(22, 7, 'Realización  del   servicio  educativo  de   la   formaci?n  para  el trabajo', 7, '0000-00-00', '0000-00-00'),
(23, 7, 'Medición, análisis y mejora', 8, '0000-00-00', '0000-00-00'),
(24, 16, 'REQUISITOS GENERALES', 4, '0000-00-00', '0000-00-00'),
(25, 16, ' REQUISITOS DE LA DOCUMENTACI?N', 4, '0000-00-00', '0000-00-00'),
(26, 16, 'Generalidades', 42, '0000-00-00', '0000-00-00'),
(27, 16, 'Manual de la calidad', 42, '0000-00-00', '0000-00-00'),
(28, 16, ' El control de los documentos en las instituciones de formaci?n para el trabajo', 42, '0000-00-00', '0000-00-00'),
(29, 16, 'Control de registros en las instituciones de formaci?n para el trabajo', 42, '0000-00-00', '0000-00-00'),
(30, 17, 'COMPROMISO  DE  LA  DIRECCI?N  DE  LAS  INSTITUCIONES  DE  FORMACI?N PARA EL TRABAJO', 5, '0000-00-00', '0000-00-00'),
(31, 17, 'ENFOQUE AL CLIENTE', 5, '0000-00-00', '0000-00-00'),
(32, 17, ' LA POL?TICA DE LA CALIDAD EN LAS INSTITUCIONES DE FORMACI?N PARA EL TRABAJO', 5, '0000-00-00', '0000-00-00'),
(33, 17, ' PLANIFICACI?N', 5, '0000-00-00', '0000-00-00'),
(34, 17, 'OBJETIVOS DE LA CALIDAD', 54, '0000-00-00', '0000-00-00'),
(35, 17, 'Planificaci?n  del  sistema  de  gesti?n  de  la  calidad  en  los  establecimientos educativos', 54, '0000-00-00', '0000-00-00'),
(36, 17, 'RESPONSABILIDAD, AUTORIDAD Y COMUNICACI?N', 6, '0000-00-00', '0000-00-00'),
(37, 17, 'Responsabilidad y autoridad en las instituciones de formaci?n para el trabajo', 55, '0000-00-00', '0000-00-00'),
(38, 17, 'El representante de la direcci?n en las instituciones de formaci?n para el trabajo', 55, '0000-00-00', '0000-00-00'),
(39, 17, 'La comunicaci?n interna en las instituciones de formaci?n para el trabajo', 55, '0000-00-00', '0000-00-00'),
(40, 17, 'REVISI?N POR LA DIRECCI?N DE LAS INSTITUCIONES DE FORMACI?N PARA EL TRABAJO', 6, '0000-00-00', '0000-00-00'),
(41, 17, 'Generalidades', 56, '0000-00-00', '0000-00-00'),
(42, 17, 'Informaci?n para la revisi?n en las instituciones de formaci?n para el trabajo', 56, '0000-00-00', '0000-00-00'),
(43, 17, 'Resultados de la revisi?n en las instituciones de formaci?n para el trabajo', 56, '0000-00-00', '0000-00-00'),
(44, 18, 'PROVISI?N DE LOS RECURSOS EN LAS INSTITUCIONES DE FORMACI?N PARA EL TRABAJO', 6, '0000-00-00', '0000-00-00'),
(45, 18, 'TALENTO HUMANO EN LAS INSTITUCIONES DE FORMACI?N PARA EL TRABAJO', 6, '0000-00-00', '0000-00-00'),
(46, 18, 'Generalidades', 62, '0000-00-00', '0000-00-00'),
(47, 18, 'Competencia,  toma  de  conciencia  y  formaci?n  del  talento  humano  de  las instituciones de formaci?n para el trabajo', 62, '0000-00-00', '0000-00-00'),
(48, 18, 'INFRAESTRUCTURA EN LAS INSTITUCIONES DE FORMACI?N PARA EL TRABAJO', 6, '0000-00-00', '0000-00-00'),
(49, 18, 'AMBIENTE DE  TRABAJO EN  LAS INSTITUCIONES DE  FORMACI?N PARA EL TRABAJO', 6, '0000-00-00', '0000-00-00'),
(50, 19, 'PLANIFICACION DE LOS SERVICIOS DE FORMACI?N PARA EL TRABAJO', 7, '0000-00-00', '0000-00-00'),
(51, 19, 'PROCESOS RELACIONADOS CON EL CLIENTE', 7, '0000-00-00', '0000-00-00'),
(52, 19, 'Determinaci?n de los requisitos relacionados con el servicio de formaci?n para el trabajo', 72, '0000-00-00', '0000-00-00'),
(53, 19, 'Revisi?n de los requisitos relacionados con el  servicio de formaci?n para el trabajo', 72, '0000-00-00', '0000-00-00'),
(54, 19, 'Comunicaci?n con el cliente en los establecimientos educativos', 72, '0000-00-00', '0000-00-00'),
(55, 19, 'DISE?O Y DESARROLLO', 7, '0000-00-00', '0000-00-00'),
(56, 19, 'Planificaci?n', 73, '0000-00-00', '0000-00-00'),
(57, 19, 'Elementos de entrada para el dise?o y desarrollo', 73, '0000-00-00', '0000-00-00'),
(58, 19, 'Resultados del dise?o y desarrollo', 73, '0000-00-00', '0000-00-00'),
(59, 19, 'Revisi?n del dise?o y desarrollo', 73, '0000-00-00', '0000-00-00'),
(60, 19, 'Verificaci?n del dise?o y desarrollo', 73, '0000-00-00', '0000-00-00'),
(61, 19, 'Validaci?n del dise?o y desarrollo', 73, '0000-00-00', '0000-00-00'),
(62, 19, 'Control de los cambios del dise?o y desarrollo', 73, '0000-00-00', '0000-00-00'),
(63, 19, 'COMPRAS', 7, '0000-00-00', '0000-00-00'),
(64, 19, ' Proceso de compras', 74, '0000-00-00', '0000-00-00'),
(65, 19, 'Informaci?n de las compras', 74, '0000-00-00', '0000-00-00'),
(66, 19, 'Verificaci?n de los productos comprados', 74, '0000-00-00', '0000-00-00'),
(67, 19, 'PROCESO EDUCATIVO Y PRESTACI?N DEL SERVICIO', 8, '0000-00-00', '0000-00-00'),
(68, 19, 'Control del proceso educativo y de la prestaci?n del servicio', 75, '0000-00-00', '0000-00-00'),
(69, 19, 'Validaci?n de los procesos de la producci?n y de la prestaci?n del servicio en las instituciones de formaci?n para el trabajo', 75, '0000-00-00', '0000-00-00'),
(70, 19, 'Identificaci?n y trazabilidad en las instituciones de formaci?n para el trabajo', 75, '0000-00-00', '0000-00-00'),
(71, 19, 'Propiedad del cliente', 75, '0000-00-00', '0000-00-00'),
(72, 19, 'Preservaci?n del producto en las instituciones de formaci?n para el trabajo', 75, '0000-00-00', '0000-00-00'),
(73, 19, 'CONTROL  DE  LOS  DISPOSITIVOS  DE  SEGUIMIENTO  Y  MEDICI?N  EN  LAS INSTITUCIONES DE FORMACI?N PARA EL TRABAJO', 8, '0000-00-00', '0000-00-00'),
(74, 20, 'GENERALIDADES', 8, '0000-00-00', '0000-00-00'),
(75, 20, 'SEGUIMIENTO Y MEDICION', 8, '0000-00-00', '0000-00-00'),
(76, 20, 'Satisfacci?n del cliente', 82, '0000-00-00', '0000-00-00'),
(77, 20, 'Auditor?a interna', 82, '0000-00-00', '0000-00-00'),
(78, 20, 'Seguimiento y medici?n de los procesos', 82, '0000-00-00', '0000-00-00'),
(79, 20, 'Seguimiento y medici?n del servicio de formaci?n para el trabajo', 82, '0000-00-00', '0000-00-00'),
(80, 20, 'CONTROL DE LAS NO CONFORMIDADES EN LOS PROCESOS DE LA INSTITUCI?N', 8, '0000-00-00', '0000-00-00'),
(81, 20, 'ANALISIS DE DATOS', 8, '0000-00-00', '0000-00-00'),
(82, 20, 'MEJORA', 9, '0000-00-00', '0000-00-00'),
(83, 20, 'Mejora continua', 85, '0000-00-00', '0000-00-00'),
(84, 20, 'Acci?n correctiva en las instituciones de formación para el trabajo', 85, '0000-00-00', '0000-00-00'),
(85, 20, ' Acci?n preventiva en las instituciones de formación para el trabajo', 85, '0000-00-00', '0000-00-00');

-- --------------------------------------------------------

--
-- Estructura de tabla para la tabla `usuarios`
--

CREATE TABLE IF NOT EXISTS `usuarios` (
`id` int(11) NOT NULL,
  `nombres` varchar(255) NOT NULL,
  `apellidos` varchar(255) NOT NULL,
  `username` varchar(255) NOT NULL,
  `password` varchar(255) NOT NULL,
  `correo` varchar(255) NOT NULL,
  `identificacion` int(11) NOT NULL,
  `telefono` int(11) NOT NULL,
  `empresa_id` int(50) NOT NULL,
  `nivel` varchar(20) NOT NULL,
  `cargo` varchar(255) NOT NULL,
  `activo` int(11) NOT NULL,
  `created` date NOT NULL,
  `modified` date NOT NULL
) ENGINE=InnoDB  DEFAULT CHARSET=utf8 AUTO_INCREMENT=6 ;

--
-- Volcado de datos para la tabla `usuarios`
--

INSERT INTO `usuarios` (`id`, `nombres`, `apellidos`, `username`, `password`, `correo`, `identificacion`, `telefono`, `empresa_id`, `nivel`, `cargo`, `activo`, `created`, `modified`) VALUES
(1, 'alex1', 'orejuela!', 'asdf', 'asdf', '', 1234, 1234, 1, 'administrador', '1', 1, '2016-10-09', '0000-00-00'),
(5, 'usuario 2', 'usuario 2', 'usuario', 'usuario', 'a@info.com', 1234566, 121212, 2, 'auditor', 'usuario 2', 0, '2016-11-15', '2016-11-15');

--
-- Índices para tablas volcadas
--

--
-- Indices de la tabla `atributossubnormas`
--
ALTER TABLE `atributossubnormas`
 ADD PRIMARY KEY (`id`);

--
-- Indices de la tabla `auditorias`
--
ALTER TABLE `auditorias`
 ADD PRIMARY KEY (`id`);

--
-- Indices de la tabla `auditorias_normagenerals`
--
ALTER TABLE `auditorias_normagenerals`
 ADD PRIMARY KEY (`id`);

--
-- Indices de la tabla `auditors`
--
ALTER TABLE `auditors`
 ADD PRIMARY KEY (`id`);

--
-- Indices de la tabla `debes`
--
ALTER TABLE `debes`
 ADD PRIMARY KEY (`id`);

--
-- Indices de la tabla `empresas`
--
ALTER TABLE `empresas`
 ADD PRIMARY KEY (`id`), ADD UNIQUE KEY `nit` (`nit`);

--
-- Indices de la tabla `indicesplanificacions`
--
ALTER TABLE `indicesplanificacions`
 ADD PRIMARY KEY (`id`);

--
-- Indices de la tabla `informes`
--
ALTER TABLE `informes`
 ADD PRIMARY KEY (`id`);

--
-- Indices de la tabla `listas`
--
ALTER TABLE `listas`
 ADD PRIMARY KEY (`id`);

--
-- Indices de la tabla `normagenerals`
--
ALTER TABLE `normagenerals`
 ADD PRIMARY KEY (`id`);

--
-- Indices de la tabla `planauditorias`
--
ALTER TABLE `planauditorias`
 ADD PRIMARY KEY (`id`);

--
-- Indices de la tabla `procesos`
--
ALTER TABLE `procesos`
 ADD PRIMARY KEY (`id`);

--
-- Indices de la tabla `subnormaindices`
--
ALTER TABLE `subnormaindices`
 ADD PRIMARY KEY (`id`);

--
-- Indices de la tabla `subnormas`
--
ALTER TABLE `subnormas`
 ADD PRIMARY KEY (`id`);

--
-- Indices de la tabla `usuarios`
--
ALTER TABLE `usuarios`
 ADD PRIMARY KEY (`id`);

--
-- AUTO_INCREMENT de las tablas volcadas
--

--
-- AUTO_INCREMENT de la tabla `atributossubnormas`
--
ALTER TABLE `atributossubnormas`
MODIFY `id` int(11) NOT NULL AUTO_INCREMENT;
--
-- AUTO_INCREMENT de la tabla `auditorias`
--
ALTER TABLE `auditorias`
MODIFY `id` int(11) NOT NULL AUTO_INCREMENT,AUTO_INCREMENT=5;
--
-- AUTO_INCREMENT de la tabla `auditorias_normagenerals`
--
ALTER TABLE `auditorias_normagenerals`
MODIFY `id` int(11) NOT NULL AUTO_INCREMENT,AUTO_INCREMENT=9;
--
-- AUTO_INCREMENT de la tabla `auditors`
--
ALTER TABLE `auditors`
MODIFY `id` int(11) NOT NULL AUTO_INCREMENT;
--
-- AUTO_INCREMENT de la tabla `debes`
--
ALTER TABLE `debes`
MODIFY `id` int(11) NOT NULL AUTO_INCREMENT,AUTO_INCREMENT=1115;
--
-- AUTO_INCREMENT de la tabla `empresas`
--
ALTER TABLE `empresas`
MODIFY `id` int(11) NOT NULL AUTO_INCREMENT,AUTO_INCREMENT=3;
--
-- AUTO_INCREMENT de la tabla `indicesplanificacions`
--
ALTER TABLE `indicesplanificacions`
MODIFY `id` int(11) NOT NULL AUTO_INCREMENT,AUTO_INCREMENT=21;
--
-- AUTO_INCREMENT de la tabla `informes`
--
ALTER TABLE `informes`
MODIFY `id` int(11) NOT NULL AUTO_INCREMENT,AUTO_INCREMENT=12;
--
-- AUTO_INCREMENT de la tabla `listas`
--
ALTER TABLE `listas`
MODIFY `id` int(11) NOT NULL AUTO_INCREMENT,AUTO_INCREMENT=201;
--
-- AUTO_INCREMENT de la tabla `normagenerals`
--
ALTER TABLE `normagenerals`
MODIFY `id` int(11) NOT NULL AUTO_INCREMENT,AUTO_INCREMENT=10;
--
-- AUTO_INCREMENT de la tabla `planauditorias`
--
ALTER TABLE `planauditorias`
MODIFY `id` int(11) NOT NULL AUTO_INCREMENT,AUTO_INCREMENT=7;
--
-- AUTO_INCREMENT de la tabla `procesos`
--
ALTER TABLE `procesos`
MODIFY `id` int(11) NOT NULL AUTO_INCREMENT,AUTO_INCREMENT=6;
--
-- AUTO_INCREMENT de la tabla `subnormaindices`
--
ALTER TABLE `subnormaindices`
MODIFY `id` int(11) NOT NULL AUTO_INCREMENT,AUTO_INCREMENT=227;
--
-- AUTO_INCREMENT de la tabla `subnormas`
--
ALTER TABLE `subnormas`
MODIFY `id` int(11) NOT NULL AUTO_INCREMENT,AUTO_INCREMENT=86;
--
-- AUTO_INCREMENT de la tabla `usuarios`
--
ALTER TABLE `usuarios`
MODIFY `id` int(11) NOT NULL AUTO_INCREMENT,AUTO_INCREMENT=6;
/*!40101 SET CHARACTER_SET_CLIENT=@OLD_CHARACTER_SET_CLIENT */;
/*!40101 SET CHARACTER_SET_RESULTS=@OLD_CHARACTER_SET_RESULTS */;
/*!40101 SET COLLATION_CONNECTION=@OLD_COLLATION_CONNECTION */;
